patient_id,sex,vital_status,age_at_index,age_at_diagnosis_days,pathologic_stage,days_to_death,days_to_last_follow_up
TCGA-BH-A0B2,,,,,,,
TCGA-A8-A08S,,,,,,,
TCGA-A8-A09C,,,,,,,
TCGA-BH-A1F5,,,,,,,
TCGA-A2-A0YT,,,,,,,
TCGA-BH-A0B6,,,,,,,
TCGA-A8-A093,,,,,,,
TCGA-A8-A084,,,,,,,
TCGA-A8-A09E,,,,,,,
TCGA-A7-A0DC,,,,,,,
TCGA-A8-A08F,,,,,,,
TCGA-LL-A6FP,,,,,,,
TCGA-A8-A06T,,,,,,,
TCGA-AR-A2LR,,,,,,,
TCGA-A8-A06U,,,,,,,
TCGA-AQ-A0Y5,,,,,,,
TCGA-A7-A0CD,,,,,,,
TCGA-5L-AAT1,,,,,,,
TCGA-GI-A2C8,,,,,,,
TCGA-A8-A09I,,,,,,,
TCGA-AO-A0JI,,,,,,,
TCGA-D8-A146,,,,,,,
TCGA-EW-A2FW,,,,,,,
TCGA-A8-A07E,,,,,,,
TCGA-A8-A091,,,,,,,
TCGA-A8-A09K,,,,,,,
TCGA-AO-A0J5,,,,,,,
TCGA-C8-A1HO,,,,,,,
TCGA-C8-A1HI,,,,,,,
TCGA-AR-A2LL,,,,,,,
TCGA-A7-A0DA,,,,,,,
TCGA-BH-A0BD,,,,,,,
TCGA-B6-A1KC,,,,,,,
TCGA-A8-A07I,,,,,,,
TCGA-PL-A8LV,,,,,,,
TCGA-GM-A2DO,,,,,,,
TCGA-C8-A274,,,,,,,
TCGA-BH-A0C0,,,,,,,
TCGA-AC-A2QH,,,,,,,
TCGA-E2-A1L7,,,,,,,
TCGA-AR-A0U0,,,,,,,
TCGA-A8-A07G,,,,,,,
TCGA-BH-A28O,,,,,,,
TCGA-A2-A0D4,,,,,,,
TCGA-AC-A62V,,,,,,,
TCGA-D8-A1XU,,,,,,,
TCGA-B6-A0IK,,,,,,,
TCGA-E9-A247,,,,,,,
TCGA-AN-A0XW,,,,,,,
TCGA-E9-A1R4,,,,,,,
TCGA-AO-A1KQ,,,,,,,
TCGA-AC-A8OP,,,,,,,
TCGA-D8-A143,,,,,,,
TCGA-BH-A18L,,,,,,,
TCGA-AC-A2FO,,,,,,,
TCGA-BH-A18M,,,,,,,
TCGA-BH-A0B1,,,,,,,
TCGA-BH-A18R,,,,,,,
TCGA-AO-A12B,,,,,,,
TCGA-AR-A24Q,,,,,,,
TCGA-GM-A5PX,,,,,,,
TCGA-AR-A1AX,,,,,,,
TCGA-OL-A66N,,,,,,,
TCGA-A8-A099,,,,,,,
TCGA-E9-A1R2,,,,,,,
TCGA-AO-A0J6,,,,,,,
TCGA-A2-A0YM,,,,,,,
TCGA-D8-A73W,,,,,,,
TCGA-OL-A5RY,,,,,,,
TCGA-LL-A442,,,,,,,
TCGA-D8-A27R,,,,,,,
TCGA-E9-A22G,,,,,,,
TCGA-A2-A4RW,,,,,,,
TCGA-E2-A1LE,,,,,,,
TCGA-3C-AAAU,,,,,,,
TCGA-OL-A6VQ,,,,,,,
TCGA-B6-A0WV,,,,,,,
TCGA-AR-A0U1,,,,,,,
TCGA-AR-A2LM,,,,,,,
TCGA-S3-A6ZH,,,,,,,
TCGA-A2-A0EP,,,,,,,
TCGA-BH-A0B3,,,,,,,
TCGA-EW-A1J1,,,,,,,
TCGA-LL-A9Q3,,,,,,,
TCGA-EW-A1P6,,,,,,,
TCGA-E2-A155,,,,,,,
TCGA-LL-A5YN,,,,,,,
TCGA-GI-A2C9,,,,,,,
TCGA-A2-A0CZ,,,,,,,
TCGA-A2-A0CO,,,,,,,
TCGA-E2-A14Y,,,,,,,
TCGA-E2-A156,,,,,,,
TCGA-AR-A250,,,,,,,
TCGA-BH-A0BS,,,,,,,
TCGA-AR-A1AW,,,,,,,
TCGA-E2-A109,,,,,,,
TCGA-D8-A1XT,,,,,,,
TCGA-E2-A2P5,,,,,,,
TCGA-E2-A572,,,,,,,
TCGA-PE-A5DC,,,,,,,
TCGA-BH-A0BP,,,,,,,
TCGA-EW-A1OY,,,,,,,
TCGA-AC-A3OD,,,,,,,
TCGA-B6-A0RL,,,,,,,
TCGA-E9-A1R0,,,,,,,
TCGA-E9-A1NA,,,,,,,
TCGA-D8-A1JP,,,,,,,
TCGA-A2-A259,,,,,,,
TCGA-A2-A3XS,,,,,,,
TCGA-E2-A1IO,,,,,,,
TCGA-C8-A8HP,,,,,,,
TCGA-BH-A0W5,,,,,,,
TCGA-AN-A03Y,,,,,,,
TCGA-BH-A0B8,,,,,,,
TCGA-AN-A0FD,,,,,,,
TCGA-BH-A0DO,,,,,,,
TCGA-B6-A1KI,,,,,,,
TCGA-E9-A243,,,,,,,
TCGA-BH-A1FG,,,,,,,
TCGA-AR-A24M,,,,,,,
TCGA-D8-A1JH,,,,,,,
TCGA-AR-A1AT,,,,,,,
TCGA-B6-A0IM,,,,,,,
TCGA-E9-A5FL,,,,,,,
TCGA-3C-AALJ,,,,,,,
TCGA-E2-A159,,,,,,,
TCGA-BH-A0BM,,,,,,,
TCGA-E9-A3QA,,,,,,,
TCGA-GM-A2DA,,,,,,,
TCGA-A2-A0YG,,,,,,,
TCGA-LL-A7T0,,,,,,,
TCGA-AC-A5XS,,,,,,,
TCGA-D8-A1JG,,,,,,,
TCGA-OL-A66K,,,,,,,
TCGA-AN-A0FN,,,,,,,
TCGA-E9-A22A,,,,,,,
TCGA-BH-A1FU,,,,,,,
TCGA-AR-A0TW,,,,,,,
TCGA-E2-A15C,,,,,,,
TCGA-AR-A1AV,,,,,,,
TCGA-E2-A15L,,,,,,,
TCGA-A1-A0SD,,,,,,,
TCGA-AR-A24R,,,,,,,
TCGA-A8-A08H,,,,,,,
TCGA-AC-A2QI,,,,,,,
TCGA-AN-A0FZ,,,,,,,
TCGA-A7-A4SE,,,,,,,
TCGA-E9-A1NI,,,,,,,
TCGA-A8-A095,,,,,,,
TCGA-AO-A129,,,,,,,
TCGA-A2-A0CX,,,,,,,
TCGA-AR-A0TZ,,,,,,,
TCGA-A1-A0SH,,,,,,,
TCGA-E9-A226,,,,,,,
TCGA-OL-A5D7,,,,,,,
TCGA-LD-A7W6,,,,,,,
TCGA-B6-A0RQ,,,,,,,
TCGA-C8-A12Y,,,,,,,
TCGA-BH-A0HB,,,,,,,
TCGA-AN-A0FF,,,,,,,
TCGA-D8-A1JS,,,,,,,
TCGA-B6-A0WT,,,,,,,
TCGA-EW-A1PC,,,,,,,
TCGA-A7-A5ZV,,,,,,,
TCGA-A7-A26F,,,,,,,
TCGA-GM-A3NW,,,,,,,
TCGA-C8-A12V,,,,,,,
TCGA-E9-A1R7,,,,,,,
TCGA-A2-A0EO,,,,,,,
TCGA-E2-A15G,,,,,,,
TCGA-BH-A1FB,,,,,,,
TCGA-D8-A27T,,,,,,,
TCGA-D8-A1JN,,,,,,,
TCGA-A2-A1G6,,,,,,,
TCGA-BH-A0HW,,,,,,,
TCGA-C8-A1HN,,,,,,,
TCGA-A7-A26H,,,,,,,
TCGA-A2-A4S0,,,,,,,
TCGA-BH-A5J0,,,,,,,
TCGA-E2-A1B1,,,,,,,
TCGA-D8-A3Z6,,,,,,,
TCGA-AR-A255,,,,,,,
TCGA-A7-A5ZX,,,,,,,
TCGA-GM-A5PV,,,,,,,
TCGA-D8-A1XD,,,,,,,
TCGA-D8-A1JI,,,,,,,
TCGA-AN-A0FT,,,,,,,
TCGA-EW-A1J2,,,,,,,
TCGA-UL-AAZ6,,,,,,,
TCGA-EW-A423,,,,,,,
TCGA-E2-A153,,,,,,,
TCGA-AC-A3HN,,,,,,,
TCGA-C8-A26Y,,,,,,,
TCGA-B6-A0RT,,,,,,,
TCGA-A2-A0CY,,,,,,,
TCGA-BH-A1F8,,,,,,,
TCGA-A2-A1G1,,,,,,,
TCGA-A8-A08J,,,,,,,
TCGA-OL-A66H,,,,,,,
TCGA-D8-A3Z5,,,,,,,
TCGA-C8-A12M,,,,,,,
TCGA-AQ-A04L,,,,,,,
TCGA-AO-A0J8,,,,,,,
TCGA-BH-A0WA,,,,,,,
TCGA-A2-A0CQ,,,,,,,
TCGA-BH-A0AV,,,,,,,
TCGA-BH-A0W7,,,,,,,
TCGA-A2-A25C,,,,,,,
TCGA-AC-A23E,,,,,,,
TCGA-BH-A0C3,,,,,,,
TCGA-AC-A3W7,,,,,,,
TCGA-BH-A0GY,,,,,,,
TCGA-A2-A0EQ,,,,,,,
TCGA-OL-A5RZ,,,,,,,
TCGA-A7-A6VX,,,,,,,
TCGA-BH-A0DE,,,,,,,
TCGA-EW-A1PH,,,,,,,
TCGA-AR-A1AN,,,,,,,
TCGA-AR-A1AS,,,,,,,
TCGA-OL-A5S0,,,,,,,
TCGA-OL-A5RX,,,,,,,
TCGA-A2-A0T7,,,,,,,
TCGA-LD-A9QF,,,,,,,
TCGA-B6-A0I9,,,,,,,
TCGA-BH-A0H9,,,,,,,
TCGA-BH-A1EO,,,,,,,
TCGA-BH-A0BQ,,,,,,,
TCGA-GM-A2DH,,,,,,,
TCGA-BH-A0BF,,,,,,,
TCGA-AQ-A54N,,,,,,,
TCGA-BH-A209,,,,,,,
TCGA-E2-A15M,,,,,,,
TCGA-BH-A8G0,,,,,,,
TCGA-D8-A13Z,,,,,,,
TCGA-A2-A4RY,,,,,,,
TCGA-E9-A1RI,,,,,,,
TCGA-C8-A273,,,,,,,
TCGA-BH-A0DP,,,,,,,
TCGA-WT-AB44,,,,,,,
TCGA-E2-A1IJ,,,,,,,
TCGA-AR-A0TQ,,,,,,,
TCGA-AR-A2LJ,,,,,,,
TCGA-EW-A1IW,,,,,,,
TCGA-A8-A083,,,,,,,
TCGA-A2-A0EN,,,,,,,
TCGA-E2-A574,,,,,,,
TCGA-BH-A8FY,,,,,,,
TCGA-A8-A08O,,,,,,,
TCGA-D8-A1XC,,,,,,,
TCGA-AC-A3QP,,,,,,,
TCGA-EW-A1P8,,,,,,,
TCGA-3C-AALK,,,,,,,
TCGA-AO-A0J9,,,,,,,
TCGA-A2-A3KD,,,,,,,
TCGA-AC-A8OR,,,,,,,
TCGA-AC-A2FK,,,,,,,
TCGA-E2-A56Z,,,,,,,
TCGA-GM-A2DK,,,,,,,
TCGA-BH-A0GZ,,,,,,,
TCGA-E9-A1R6,,,,,,,
TCGA-AO-A03M,,,,,,,
TCGA-AO-A12H,,,,,,,
TCGA-B6-A0WY,,,,,,,
TCGA-AR-A24X,,,,,,,
TCGA-A2-A0CV,,,,,,,
TCGA-D8-A145,,,,,,,
TCGA-BH-A1F6,,,,,,,
TCGA-D8-A1XJ,,,,,,,
TCGA-BH-A0BL,,,,,,,
TCGA-A2-A0EY,,,,,,,
TCGA-A2-A1FV,,,,,,,
TCGA-D8-A27I,,,,,,,
TCGA-D8-A1JT,,,,,,,
TCGA-OK-A5Q2,,,,,,,
TCGA-D8-A1X7,,,,,,,
TCGA-EW-A1IX,,,,,,,
TCGA-C8-A275,,,,,,,
TCGA-A7-A4SF,,,,,,,
TCGA-E9-A229,,,,,,,
TCGA-AR-A24H,,,,,,,
TCGA-EW-A1J5,,,,,,,
TCGA-A8-A07O,,,,,,,
TCGA-E9-A5UO,,,,,,,
TCGA-LL-A740,,,,,,,
TCGA-AR-A0TU,,,,,,,
TCGA-E2-A1L6,,,,,,,
TCGA-E2-A14T,,,,,,,
TCGA-E2-A1LB,,,,,,,
TCGA-EW-A6SB,,,,,,,
TCGA-BH-A0C7,,,,,,,
TCGA-E2-A15S,,,,,,,
TCGA-LL-A8F5,,,,,,,
TCGA-A8-A07R,,,,,,,
TCGA-E9-A54Y,,,,,,,
TCGA-EW-A1OZ,,,,,,,
TCGA-A7-A3J1,,,,,,,
TCGA-PL-A8LZ,,,,,,,
TCGA-EW-A3E8,,,,,,,
TCGA-E2-A1LS,,,,,,,
TCGA-BH-A1ES,,,,,,,
TCGA-A2-A04Q,,,,,,,
TCGA-A7-A2KD,,,,,,,
TCGA-AR-A24S,,,,,,,
TCGA-LL-A6FQ,,,,,,,
TCGA-A8-A07U,,,,,,,
TCGA-B6-A0RS,,,,,,,
TCGA-BH-A0BV,,,,,,,
TCGA-AR-A1AP,,,,,,,
TCGA-AR-A1AK,,,,,,,
TCGA-AC-A2BK,,,,,,,
TCGA-AO-A0J7,,,,,,,
TCGA-A2-A0EV,,,,,,,
TCGA-C8-A3M7,,,,,,,
TCGA-A2-A0T0,,,,,,,
TCGA-C8-A12T,,,,,,,
TCGA-AN-A0XS,,,,,,,
TCGA-E2-A1IF,,,,,,,
TCGA-AN-A0AJ,,,,,,,
TCGA-AR-A0U4,,,,,,,
TCGA-OL-A66J,,,,,,,
TCGA-C8-A9FZ,,,,,,,
TCGA-AC-A5XU,,,,,,,
TCGA-EW-A6SC,,,,,,,
TCGA-A2-A04X,,,,,,,
TCGA-A2-A0CU,,,,,,,
TCGA-E2-A15A,,,,,,,
TCGA-A7-A3RF,,,,,,,
TCGA-A2-A0ER,,,,,,,
TCGA-B6-A0IG,,,,,,,
TCGA-BH-A0DT,,,,,,,
TCGA-E2-A14N,,,,,,,
TCGA-B6-A408,,,,,,,
TCGA-AR-A1AU,,,,,,,
TCGA-AO-A12A,,,,,,,
TCGA-A2-A0D2,,,,,,,
TCGA-AO-A0JE,,,,,,,
TCGA-AR-A2LH,,,,,,,
TCGA-PL-A8LY,,,,,,,
TCGA-BH-A18I,,,,,,,
TCGA-AR-A5QM,,,,,,,
TCGA-D8-A1Y1,,,,,,,
TCGA-D8-A1JA,,,,,,,
TCGA-BH-A1EW,,,,,,,
TCGA-LD-A66U,,,,,,,
TCGA-A8-A09G,,,,,,,
TCGA-A7-A0CE,,,,,,,
TCGA-AO-A0J3,,,,,,,
TCGA-A7-A0CH,,,,,,,
TCGA-EW-A1OX,,,,,,,
TCGA-AN-A04C,,,,,,,
TCGA-E9-A1RD,,,,,,,
TCGA-A1-A0SO,,,,,,,
TCGA-AR-A254,,,,,,,
TCGA-GM-A2DI,,,,,,,
TCGA-AR-A24W,,,,,,,
TCGA-BH-A0E1,,,,,,,
TCGA-A7-A0CG,,,,,,,
TCGA-HN-A2OB,,,,,,,
TCGA-AR-A1AO,,,,,,,
TCGA-C8-A8HQ,,,,,,,
TCGA-D8-A1J8,,,,,,,
TCGA-GM-A4E0,,,,,,,
TCGA-LL-A441,,,,,,,
TCGA-E2-A573,,,,,,,
TCGA-BH-A1F2,,,,,,,
TCGA-BH-A0BR,,,,,,,
TCGA-A7-A3IY,,,,,,,
TCGA-E9-A1RH,,,,,,,
TCGA-BH-A18V,,,,,,,
TCGA-BH-A0E6,,,,,,,
TCGA-AR-A2LQ,,,,,,,
TCGA-A7-A26J,,,,,,,
TCGA-C8-A133,,,,,,,
TCGA-E9-A22B,,,,,,,
TCGA-BH-A0H3,,,,,,,
TCGA-BH-A1FC,,,,,,,
TCGA-E2-A1II,,,,,,,
TCGA-D8-A1XS,,,,,,,
TCGA-BH-A42T,,,,,,,
TCGA-AR-A1AQ,,,,,,,
TCGA-GM-A2D9,,,,,,,
TCGA-A2-A0SW,,,,,,,
TCGA-AO-A03L,,,,,,,
TCGA-AQ-A04J,,,,,,,
TCGA-AR-A24O,,,,,,,
TCGA-V7-A7HQ,,,,,,,
TCGA-A8-A0A7,,,,,,,
TCGA-AO-A1KR,,,,,,,
TCGA-A2-A04W,,,,,,,
TCGA-C8-A12N,,,,,,,
TCGA-LL-A5YO,,,,,,,
TCGA-A8-A08A,,,,,,,
TCGA-D8-A4Z1,,,,,,,
TCGA-A2-A1FZ,,,,,,,
TCGA-E9-A3HO,,,,,,,
TCGA-D8-A1XY,,,,,,,
TCGA-EW-A1P7,,,,,,,
TCGA-AC-A5EI,,,,,,,
TCGA-B6-A0IQ,,,,,,,
TCGA-AC-A2FB,,,,,,,
TCGA-E2-A2P6,,,,,,,
TCGA-D8-A1JC,,,,,,,
TCGA-E9-A1N5,,,,,,,
TCGA-BH-A0DX,,,,,,,
TCGA-E2-A14O,,,,,,,
TCGA-E9-A1N3,,,,,,,
TCGA-BH-A0DS,,,,,,,
TCGA-S3-A6ZF,,,,,,,
TCGA-AC-A3BB,,,,,,,
TCGA-BH-A0HP,,,,,,,
TCGA-C8-A1HF,,,,,,,
TCGA-A2-A0CP,,,,,,,
TCGA-A2-A0ES,,,,,,,
TCGA-A2-A3XZ,,,,,,,
TCGA-BH-A0DQ,,,,,,,
TCGA-C8-A26W,,,,,,,
TCGA-C8-A1HL,,,,,,,
TCGA-BH-A1FR,,,,,,,
TCGA-A2-A3XU,,,,,,,
TCGA-B6-A0RI,,,,,,,
TCGA-AN-A0XT,,,,,,,
TCGA-LL-A73Z,,,,,,,
TCGA-S3-AA15,,,,,,,
TCGA-E9-A245,,,,,,,
TCGA-AQ-A1H3,,,,,,,
TCGA-AC-A2B8,,,,,,,
TCGA-C8-A12O,,,,,,,
TCGA-GM-A2DB,,,,,,,
TCGA-A2-A4S1,,,,,,,
TCGA-BH-A0HY,,,,,,,
TCGA-EW-A1PF,,,,,,,
TCGA-BH-A204,,,,,,,
TCGA-AN-A0AT,,,,,,,
TCGA-A2-A0T3,,,,,,,
TCGA-AC-A62Y,,,,,,,
TCGA-A7-A13H,,,,,,,
TCGA-BH-A1EY,,,,,,,
TCGA-BH-A0W4,,,,,,,
TCGA-A8-A079,,,,,,,
TCGA-A2-A0D0,,,,,,,
TCGA-B6-A0RE,,,,,,,
TCGA-A1-A0SQ,,,,,,,
TCGA-A8-A08T,,,,,,,
TCGA-LL-A7SZ,,,,,,,
TCGA-AN-A04D,,,,,,,
TCGA-BH-AB28,,,,,,,
TCGA-BH-A0BA,,,,,,,
TCGA-A2-A0D3,,,,,,,
TCGA-AC-A7VC,,,,,,,
TCGA-E2-A150,,,,,,,
TCGA-A2-A0YD,,,,,,,
TCGA-E9-A1RA,,,,,,,
TCGA-A1-A0SF,,,,,,,
TCGA-A8-A0A4,,,,,,,
TCGA-EW-A1PA,,,,,,,
TCGA-BH-A1ET,,,,,,,
TCGA-E9-A227,,,,,,,
TCGA-PE-A5DE,,,,,,,
TCGA-C8-A132,,,,,,,
TCGA-BH-A0E2,,,,,,,
TCGA-A8-A08L,,,,,,,
TCGA-D8-A1XG,,,,,,,
TCGA-AN-A0FV,,,,,,,
TCGA-AN-A0FY,,,,,,,
TCGA-5T-A9QA,,,,,,,
TCGA-E2-A15J,,,,,,,
TCGA-AO-A12D,,,,,,,
TCGA-BH-A0H7,,,,,,,
TCGA-E2-A3DX,,,,,,,
TCGA-AC-A3W6,,,,,,,
TCGA-BH-A0B7,,,,,,,
TCGA-D8-A73X,,,,,,,
TCGA-BH-A1F0,,,,,,,
TCGA-B6-A0X4,,,,,,,
TCGA-BH-A18U,,,,,,,
TCGA-A7-A425,,,,,,,
TCGA-E2-A14U,,,,,,,
TCGA-S3-AA10,,,,,,,
TCGA-E2-A154,,,,,,,
TCGA-AR-A1AJ,,,,,,,
TCGA-E9-A1RE,,,,,,,
TCGA-BH-A18J,,,,,,,
TCGA-AO-A126,,,,,,,
TCGA-A8-A09V,,,,,,,
TCGA-BH-A0BT,,,,,,,
TCGA-AO-A0JA,,,,,,,
TCGA-AC-A3YI,,,,,,,
TCGA-AC-A3YJ,,,,,,,
TCGA-BH-A8FZ,,,,,,,
TCGA-E2-A1LK,,,,,,,
TCGA-A7-A13D,,,,,,,
TCGA-B6-A0X0,,,,,,,
TCGA-E2-A14P,,,,,,,
TCGA-AO-A1KT,,,,,,,
TCGA-BH-A0BG,,,,,,,
TCGA-BH-A202,,,,,,,
TCGA-WT-AB41,,,,,,,
TCGA-A8-A06Y,,,,,,,
TCGA-A8-A07L,,,,,,,
TCGA-EW-A1P4,,,,,,,
TCGA-AR-A5QQ,,,,,,,
TCGA-D8-A1JD,,,,,,,
TCGA-C8-A27A,,,,,,,
TCGA-E9-A248,,,,,,,
TCGA-BH-A201,,,,,,,
TCGA-A8-A085,,,,,,,
TCGA-BH-A1FL,,,,,,,
TCGA-AR-A24V,,,,,,,
TCGA-B6-A0IB,,,,,,,
TCGA-AC-A8OQ,,,,,,,
TCGA-E9-A22H,,,,,,,
TCGA-C8-A12P,,,,,,,
TCGA-B6-A0IN,,,,,,,
TCGA-A2-A3Y0,,,,,,,
TCGA-BH-A1FH,,,,,,,
TCGA-AN-A0XV,,,,,,,
TCGA-A7-A0D9,,,,,,,
TCGA-A2-A1FX,,,,,,,
TCGA-AR-A2LO,,,,,,,
TCGA-D8-A27V,,,,,,,
TCGA-D8-A27M,,,,,,,
TCGA-A2-A0YF,,,,,,,
TCGA-BH-A0H6,,,,,,,
TCGA-OL-A66L,,,,,,,
TCGA-D8-A1JU,,,,,,,
TCGA-A8-A0AD,,,,,,,
TCGA-EW-A2FR,,,,,,,
TCGA-PE-A5DD,,,,,,,
TCGA-E2-A105,,,,,,,
TCGA-A2-A0T4,,,,,,,
TCGA-Z7-A8R6,,,,,,,
TCGA-A8-A09A,,,,,,,
TCGA-A2-A0YL,,,,,,,
TCGA-C8-A1HE,,,,,,,
TCGA-E9-A1NH,,,,,,,
TCGA-A7-A26I,,,,,,,
TCGA-E9-A5FK,,,,,,,
TCGA-BH-A203,,,,,,,
TCGA-GM-A2DD,,,,,,,
TCGA-E9-A2JT,,,,,,,
TCGA-A8-A07B,,,,,,,
TCGA-A2-A04T,,,,,,,
TCGA-E2-A1IL,,,,,,,
TCGA-A8-A07C,,,,,,,
TCGA-AC-A2FM,,,,,,,
TCGA-B6-A1KF,,,,,,,
TCGA-BH-A0HQ,,,,,,,
TCGA-AO-A0JF,,,,,,,
TCGA-A2-A04R,,,,,,,
TCGA-EW-A1PE,,,,,,,
TCGA-D8-A1XW,,,,,,,
TCGA-AN-A03X,,,,,,,
TCGA-EW-A1PB,,,,,,,
TCGA-E2-A1AZ,,,,,,,
TCGA-C8-A26V,,,,,,,
TCGA-AO-A0J4,,,,,,,
TCGA-D8-A1JL,,,,,,,
TCGA-A2-A25A,,,,,,,
TCGA-AR-A0TP,,,,,,,
TCGA-EW-A6SA,,,,,,,
TCGA-EW-A2FV,,,,,,,
TCGA-A8-A090,,,,,,,
TCGA-AN-A0XR,,,,,,,
TCGA-A8-A08X,,,,,,,
TCGA-EW-A1OW,,,,,,,
TCGA-EW-A6SD,,,,,,,
TCGA-BH-A1FJ,,,,,,,
TCGA-A7-A4SB,,,,,,,
TCGA-AC-A2FE,,,,,,,
TCGA-D8-A1XV,,,,,,,
TCGA-E2-A1LI,,,,,,,
TCGA-D8-A1XR,,,,,,,
TCGA-A2-A0SV,,,,,,,
TCGA-LL-A5YM,,,,,,,
TCGA-A8-A06Q,,,,,,,
TCGA-LL-A73Y,,,,,,,
TCGA-AO-A03N,,,,,,,
TCGA-E2-A14W,,,,,,,
TCGA-E2-A15O,,,,,,,
TCGA-A2-A0CM,,,,,,,
TCGA-D8-A1X5,,,,,,,
TCGA-AN-A0AR,,,,,,,
TCGA-AR-A1AM,,,,,,,
TCGA-E2-A1IH,,,,,,,
TCGA-D8-A13Y,,,,,,,
TCGA-A2-A3XV,,,,,,,
TCGA-A2-A0SX,,,,,,,
TCGA-E2-A15F,,,,,,,
TCGA-AN-A0XO,,,,,,,
TCGA-AR-A1AR,,,,,,,
TCGA-B6-A0WS,,,,,,,
TCGA-B6-A0I5,,,,,,,
TCGA-A8-A07S,,,,,,,
TCGA-E2-A1LG,,,,,,,
TCGA-BH-A0HA,,,,,,,
TCGA-B6-A0WW,,,,,,,
TCGA-E2-A576,,,,,,,
TCGA-A7-A56D,,,,,,,
TCGA-BH-A1EU,,,,,,,
TCGA-AR-A2LE,,,,,,,
TCGA-E2-A15P,,,,,,,
TCGA-C8-A27B,,,,,,,
TCGA-AR-A24T,,,,,,,
TCGA-E9-A1NG,,,,,,,
TCGA-EW-A1P5,,,,,,,
TCGA-AN-A0FJ,,,,,,,
TCGA-3C-AALI,,,,,,,
TCGA-BH-A0DI,,,,,,,
TCGA-BH-A18P,,,,,,,
TCGA-EW-A1P1,,,,,,,
TCGA-D8-A1JK,,,,,,,
TCGA-AC-A23G,,,,,,,
TCGA-C8-A130,,,,,,,
TCGA-A2-A0EW,,,,,,,
TCGA-AC-A6NO,,,,,,,
TCGA-A1-A0SN,,,,,,,
TCGA-AN-A0XN,,,,,,,
TCGA-AO-A0J2,,,,,,,
TCGA-BH-A0E7,,,,,,,
TCGA-A2-A4RX,,,,,,,
TCGA-B6-A0IP,,,,,,,
TCGA-A1-A0SB,,,,,,,
TCGA-AC-A2FG,,,,,,,
TCGA-AR-A0TR,,,,,,,
TCGA-D8-A27N,,,,,,,
TCGA-AO-A03O,,,,,,,
TCGA-AC-A8OS,,,,,,,
TCGA-D8-A1J9,,,,,,,
TCGA-A7-A0CJ,,,,,,,
TCGA-BH-A0BJ,,,,,,,
TCGA-AO-A124,,,,,,,
TCGA-A8-A06R,,,,,,,
TCGA-E2-A14Z,,,,,,,
TCGA-E9-A6HE,,,,,,,
TCGA-E2-A1LH,,,,,,,
TCGA-AO-A0JD,,,,,,,
TCGA-C8-A3M8,,,,,,,
TCGA-EW-A3U0,,,,,,,
TCGA-GM-A2DF,,,,,,,
TCGA-B6-A0RH,,,,,,,
TCGA-A2-A25B,,,,,,,
TCGA-A7-A3J0,,,,,,,
TCGA-AR-A0TX,,,,,,,
TCGA-B6-A0RM,,,,,,,
TCGA-OL-A5D6,,,,,,,
TCGA-BH-A18Q,,,,,,,
TCGA-BH-A0BZ,,,,,,,
TCGA-BH-A1FE,,,,,,,
TCGA-E2-A1B4,,,,,,,
TCGA-A2-A0SU,,,,,,,
TCGA-A7-A6VV,,,,,,,
TCGA-E9-A1RF,,,,,,,
TCGA-BH-A0BW,,,,,,,
TCGA-C8-A8HR,,,,,,,
TCGA-D8-A1JF,,,,,,,
TCGA-A8-A097,,,,,,,
TCGA-GM-A2DC,,,,,,,
TCGA-B6-A0IA,,,,,,,
TCGA-AO-A03T,,,,,,,
TCGA-BH-A0EE,,,,,,,
TCGA-BH-A0DG,,,,,,,
TCGA-E2-A15K,,,,,,,
TCGA-BH-A0HF,,,,,,,
TCGA-A7-A4SC,,,,,,,
TCGA-D8-A1JJ,,,,,,,
TCGA-BH-A0EB,,,,,,,
TCGA-E2-A1IG,,,,,,,
TCGA-D8-A1XB,,,,,,,
TCGA-A2-A04N,,,,,,,
TCGA-BH-A1FD,,,,,,,
TCGA-E2-A1L8,,,,,,,
TCGA-S3-A6ZG,,,,,,,
TCGA-C8-A134,,,,,,,
TCGA-E2-A107,,,,,,,
TCGA-AR-A24Z,,,,,,,
TCGA-AN-A0AK,,,,,,,
TCGA-LD-A7W5,,,,,,,
TCGA-B6-A0X5,,,,,,,
TCGA-E9-A1ND,,,,,,,
TCGA-AR-A0TS,,,,,,,
TCGA-E9-A22E,,,,,,,
TCGA-A2-A04V,,,,,,,
TCGA-A7-A0DB,,,,,,,
TCGA-A8-A06P,,,,,,,
TCGA-BH-A28Q,,,,,,,
TCGA-AR-A252,,,,,,,
TCGA-BH-A0DK,,,,,,,
TCGA-E2-A15R,,,,,,,
TCGA-E2-A15H,,,,,,,
TCGA-E2-A158,,,,,,,
TCGA-AC-A7VB,,,,,,,
TCGA-GM-A2DL,,,,,,,
TCGA-A8-A09T,,,,,,,
TCGA-E2-A152,,,,,,,
TCGA-EW-A1PD,,,,,,,
TCGA-AR-A24P,,,,,,,
TCGA-S3-AA11,,,,,,,
TCGA-AO-A03P,,,,,,,
TCGA-EW-A2FS,,,,,,,
TCGA-AQ-A7U7,,,,,,,
TCGA-BH-A0C1,,,,,,,
TCGA-D8-A1XL,,,,,,,
TCGA-AR-A256,,,,,,,
TCGA-A7-A426,,,,,,,
TCGA-AC-A5EH,,,,,,,
TCGA-A2-A0CR,,,,,,,
TCGA-AQ-A1H2,,,,,,,
TCGA-AO-A0JL,,,,,,,
TCGA-BH-A0EI,,,,,,,
TCGA-E9-A3Q9,,,,,,,
TCGA-A8-A08B,,,,,,,
TCGA-A2-A1G4,,,,,,,
TCGA-E2-A106,,,,,,,
TCGA-A8-A08Z,,,,,,,
TCGA-A8-A096,,,,,,,
TCGA-AC-A2FF,,,,,,,
TCGA-E2-A1BC,,,,,,,
TCGA-AC-A4ZE,,,,,,,
TCGA-BH-A0B0,,,,,,,
TCGA-EW-A1IZ,,,,,,,
TCGA-B6-A400,,,,,,,
TCGA-AO-A1KO,,,,,,,
TCGA-AC-A2QJ,,,,,,,
TCGA-AR-A0TY,,,,,,,
TCGA-EW-A1PG,,,,,,,
TCGA-AO-A128,,,,,,,
TCGA-A1-A0SE,,,,,,,
TCGA-OL-A6VR,,,,,,,
TCGA-D8-A27P,,,,,,,
TCGA-BH-A0DD,,,,,,,
TCGA-BH-A0AW,,,,,,,
TCGA-A8-A0A2,,,,,,,
TCGA-C8-A26Z,,,,,,,
TCGA-E2-A10E,,,,,,,
TCGA-BH-A0HU,,,,,,,
TCGA-A8-A07F,,,,,,,
TCGA-E2-A15T,,,,,,,
TCGA-A2-A25F,,,,,,,
TCGA-E2-A15D,,,,,,,
TCGA-A2-A3XX,,,,,,,
TCGA-BH-A1EN,,,,,,,
TCGA-AN-A0FL,,,,,,,
TCGA-A7-A6VY,,,,,,,
TCGA-E2-A14V,,,,,,,
TCGA-C8-A1HG,,,,,,,
TCGA-A2-A3XW,,,,,,,
TCGA-D8-A27H,,,,,,,
TCGA-E2-A1BD,,,,,,,
TCGA-A2-A3XT,,,,,,,
TCGA-OL-A5D8,,,,,,,
TCGA-BH-A1FN,,,,,,,
TCGA-C8-A138,,,,,,,
TCGA-BH-A0BO,,,,,,,
TCGA-A2-A0ET,,,,,,,
TCGA-B6-A1KN,,,,,,,
TCGA-D8-A1Y2,,,,,,,
TCGA-A8-A09X,,,,,,,
TCGA-E9-A5UP,,,,,,,
TCGA-D8-A1Y3,,,,,,,
TCGA-A2-A0YH,,,,,,,
TCGA-E9-A1NF,,,,,,,
TCGA-D8-A1JB,,,,,,,
TCGA-BH-A208,,,,,,,
TCGA-D8-A27G,,,,,,,
TCGA-A2-A1G0,,,,,,,
TCGA-AO-A03V,,,,,,,
TCGA-AR-A1AH,,,,,,,
TCGA-BH-A0HL,,,,,,,
TCGA-BH-A0DL,,,,,,,
TCGA-AR-A0U3,,,,,,,
TCGA-A2-A25E,,,,,,,
TCGA-BH-A2L8,,,,,,,
TCGA-B6-A0WX,,,,,,,
TCGA-EW-A1J3,,,,,,,
TCGA-GM-A3NY,,,,,,,
TCGA-A2-A0CL,,,,,,,
TCGA-E2-A1IK,,,,,,,
TCGA-E2-A108,,,,,,,
TCGA-E2-A10A,,,,,,,
TCGA-GM-A2DM,,,,,,,
TCGA-A1-A0SP,,,,,,,
TCGA-B6-A402,,,,,,,
TCGA-A8-A08I,,,,,,,
TCGA-JL-A3YX,,,,,,,
TCGA-BH-A0E9,,,,,,,
TCGA-A8-A08P,,,,,,,
TCGA-AC-A2BM,,,,,,,
TCGA-A1-A0SM,,,,,,,
TCGA-A8-A075,,,,,,,
TCGA-C8-A278,,,,,,,
TCGA-A8-A08C,,,,,,,
TCGA-E9-A1QZ,,,,,,,
TCGA-A2-A0YJ,,,,,,,
TCGA-D8-A27W,,,,,,,
TCGA-BH-A1EX,,,,,,,
TCGA-E2-A1IN,,,,,,,
TCGA-AN-A0AS,,,,,,,
TCGA-B6-A0IE,,,,,,,
TCGA-AC-A23H,,,,,,,
TCGA-BH-A6R8,,,,,,,
TCGA-BH-A1FM,,,,,,,
TCGA-A2-A1FW,,,,,,,
TCGA-BH-A0H0,,,,,,,
TCGA-D8-A141,,,,,,,
TCGA-AR-A2LN,,,,,,,
TCGA-BH-A18S,,,,,,,
TCGA-BH-A0HN,,,,,,,
TCGA-BH-A6R9,,,,,,,
TCGA-AR-A24K,,,,,,,
TCGA-C8-A12L,,,,,,,
TCGA-BH-A18T,,,,,,,
TCGA-AO-A0JM,,,,,,,
TCGA-UU-A93S,,,,,,,
TCGA-E2-A14S,,,,,,,
TCGA-B6-A0RP,,,,,,,
TCGA-GM-A2DN,,,,,,,
TCGA-D8-A27K,,,,,,,
TCGA-BH-A42V,,,,,,,
TCGA-AR-A0U2,,,,,,,
TCGA-AO-A0JG,,,,,,,
TCGA-AO-A12G,,,,,,,
TCGA-AO-A1KS,,,,,,,
TCGA-A7-A26G,,,,,,,
TCGA-B6-A0IH,,,,,,,
TCGA-BH-A0B9,,,,,,,
TCGA-A8-A09B,,,,,,,
TCGA-A2-A0CK,,,,,,,
TCGA-B6-A0X7,,,,,,,
TCGA-W8-A86G,,,,,,,
TCGA-E9-A1RC,,,,,,,
TCGA-A8-A081,,,,,,,
TCGA-B6-A0I1,,,,,,,
TCGA-AC-A62X,,,,,,,
TCGA-A8-A082,,,,,,,
TCGA-A1-A0SK,,,,,,,
TCGA-E2-A1L9,,,,,,,
TCGA-A1-A0SG,,,,,,,
TCGA-E2-A9RU,,,,,,,
TCGA-BH-A0B5,,,,,,,
TCGA-C8-A131,,,,,,,
TCGA-D8-A1XF,,,,,,,
TCGA-AR-A251,,,,,,,
TCGA-A7-A13E,,,,,,,
TCGA-A8-A07P,,,,,,,
TCGA-C8-A1HK,,,,,,,
TCGA-BH-A0B4,,,,,,,
TCGA-A8-A09W,,,,,,,
TCGA-EW-A424,,,,,,,
TCGA-AN-A0XL,,,,,,,
TCGA-BH-A0DZ,,,,,,,
TCGA-C8-A12Q,,,,,,,
TCGA-B6-A401,,,,,,,
TCGA-BH-A0DH,,,,,,,
TCGA-AC-A6IV,,,,,,,
TCGA-E9-A1R3,,,,,,,
TCGA-AR-A1AL,,,,,,,
TCGA-AO-A12F,,,,,,,
TCGA-A8-A06N,,,,,,,
TCGA-D8-A142,,,,,,,
TCGA-A2-A04P,,,,,,,
TCGA-A2-A0T2,,,,,,,
TCGA-B6-A0RV,,,,,,,
TCGA-EW-A6S9,,,,,,,
TCGA-D8-A1X6,,,,,,,
TCGA-XX-A89A,,,,,,,
TCGA-E2-A570,,,,,,,
TCGA-AN-A0XP,,,,,,,
TCGA-E2-A1LA,,,,,,,
TCGA-E9-A1NC,,,,,,,
TCGA-D8-A1Y0,,,,,,,
TCGA-E9-A22D,,,,,,,
TCGA-AN-A046,,,,,,,
TCGA-S3-AA0Z,,,,,,,
TCGA-A2-A0CS,,,,,,,
TCGA-E9-A1N6,,,,,,,
TCGA-BH-A0HI,,,,,,,
TCGA-BH-A18G,,,,,,,
TCGA-E2-A1B6,,,,,,,
TCGA-E9-A1R5,,,,,,,
TCGA-AN-A0FW,,,,,,,
TCGA-B6-A0RO,,,,,,,
TCGA-E2-A10F,,,,,,,
TCGA-A2-A0YK,,,,,,,
TCGA-E2-A15I,,,,,,,
TCGA-B6-A0IC,,,,,,,
TCGA-MS-A51U,,,,,,,
TCGA-A2-A0SY,,,,,,,
TCGA-LL-A50Y,,,,,,,
TCGA-D8-A1XM,,,,,,,
TCGA-GM-A3XG,,,,,,,
TCGA-S3-AA14,,,,,,,
TCGA-Z7-A8R5,,,,,,,
TCGA-BH-A0AY,,,,,,,
TCGA-A8-A07J,,,,,,,
TCGA-B6-A3ZX,,,,,,,
TCGA-A8-A0A9,,,,,,,
TCGA-C8-A12X,,,,,,,
TCGA-E9-A1RB,,,,,,,
TCGA-OL-A97C,,,,,,,
TCGA-E9-A3X8,,,,,,,
TCGA-A8-A06X,,,,,,,
TCGA-C8-A26X,,,,,,,
TCGA-AC-A3QQ,,,,,,,
TCGA-AO-A12C,,,,,,,
TCGA-AN-A0G0,,,,,,,
TCGA-A8-A08G,,,,,,,
TCGA-BH-A0DV,,,,,,,
TCGA-E2-A1B5,,,,,,,
TCGA-D8-A73U,,,,,,,
TCGA-A2-A0YI,,,,,,,
TCGA-D8-A1XK,,,,,,,
TCGA-D8-A1XA,,,,,,,
TCGA-A8-A09N,,,,,,,
TCGA-C8-A135,,,,,,,
TCGA-D8-A1X9,,,,,,,
TCGA-AC-A6IX,,,,,,,
TCGA-OL-A66I,,,,,,,
TCGA-AQ-A54O,,,,,,,
TCGA-BH-A0AU,,,,,,,
TCGA-E2-A1B0,,,,,,,
TCGA-A8-A09D,,,,,,,
TCGA-A2-A0T5,,,,,,,
TCGA-E2-A10C,,,,,,,
TCGA-B6-A0RG,,,,,,,
TCGA-A2-A0CT,,,,,,,
TCGA-D8-A1XQ,,,,,,,
TCGA-LD-A74U,,,,,,,
TCGA-A2-A04Y,,,,,,,
TCGA-A8-A092,,,,,,,
TCGA-A2-A0EX,,,,,,,
TCGA-OL-A6VO,,,,,,,
TCGA-A2-A4S2,,,,,,,
TCGA-AO-A1KP,,,,,,,
TCGA-E9-A24A,,,,,,,
TCGA-AR-A1AY,,,,,,,
TCGA-4H-AAAK,,,,,,,
TCGA-EW-A1IY,,,,,,,
TCGA-BH-A18N,,,,,,,
TCGA-D8-A27L,,,,,,,
TCGA-AC-A3TM,,,,,,,
TCGA-E2-A14X,,,,,,,
TCGA-D8-A27E,,,,,,,
TCGA-A8-A06O,,,,,,,
TCGA-A8-A09M,,,,,,,
TCGA-B6-A0RU,,,,,,,
TCGA-E9-A1N4,,,,,,,
TCGA-A8-A08R,,,,,,,
TCGA-D8-A1XO,,,,,,,
TCGA-AR-A0TV,,,,,,,
TCGA-C8-A12W,,,,,,,
TCGA-A8-A0A1,,,,,,,
TCGA-C8-A12K,,,,,,,
TCGA-BH-A1EV,,,,,,,
TCGA-A2-A4S3,,,,,,,
TCGA-C8-A12Z,,,,,,,
TCGA-A7-A13G,,,,,,,
TCGA-E9-A228,,,,,,,
TCGA-LL-A5YP,,,,,,,
TCGA-C8-A12U,,,,,,,
TCGA-AR-A1AI,,,,,,,
TCGA-B6-A2IU,,,,,,,
TCGA-AN-A0FS,,,,,,,
TCGA-A7-A6VW,,,,,,,
TCGA-D8-A1JE,,,,,,,
TCGA-A8-A094,,,,,,,
TCGA-HN-A2NL,,,,,,,
TCGA-E9-A1N9,,,,,,,
TCGA-GM-A3XL,,,,,,,
TCGA-E2-A1IU,,,,,,,
TCGA-OL-A5RU,,,,,,,
TCGA-AN-A0AM,,,,,,,
TCGA-LL-A440,,,,,,,
TCGA-A7-A26E,,,,,,,
TCGA-A8-A07W,,,,,,,
TCGA-AC-A6IW,,,,,,,
TCGA-AC-A3TN,,,,,,,
TCGA-EW-A1P0,,,,,,,
TCGA-A8-A09Z,,,,,,,
TCGA-E2-A10B,,,,,,,
TCGA-OL-A66P,,,,,,,
TCGA-A2-A0T1,,,,,,,
TCGA-XX-A899,,,,,,,
TCGA-AO-A0JC,,,,,,,
TCGA-A8-A086,,,,,,,
TCGA-AC-A3EH,,,,,,,
TCGA-C8-A137,,,,,,,
TCGA-E9-A249,,,,,,,
TCGA-B6-A0I6,,,,,,,
TCGA-D8-A147,,,,,,,
TCGA-B6-A0IO,,,,,,,
TCGA-B6-A40C,,,,,,,
TCGA-A8-A07Z,,,,,,,
TCGA-PL-A8LX,,,,,,,
TCGA-OL-A5RW,,,,,,,
TCGA-E9-A295,,,,,,,
TCGA-C8-A1HJ,,,,,,,
TCGA-AO-A0JJ,,,,,,,
TCGA-BH-A5IZ,,,,,,,
TCGA-BH-A18F,,,,,,,
TCGA-E9-A54X,,,,,,,
TCGA-A2-A0EU,,,,,,,
TCGA-D8-A1JM,,,,,,,
TCGA-AN-A0AL,,,,,,,
TCGA-AO-A0JB,,,,,,,
TCGA-BH-A0HO,,,,,,,
TCGA-B6-A0I8,,,,,,,
TCGA-AQ-A04H,,,,,,,
TCGA-A2-A0YC,,,,,,,
TCGA-AN-A0XU,,,,,,,
TCGA-JL-A3YW,,,,,,,
TCGA-A2-A0YE,,,,,,,
TCGA-B6-A40B,,,,,,,
TCGA-AO-A125,,,,,,,
TCGA-BH-A42U,,,,,,,
TCGA-AN-A049,,,,,,,
TCGA-AO-A03U,,,,,,,
TCGA-AN-A041,,,,,,,
TCGA-AR-A5QN,,,,,,,
TCGA-A2-A0T6,,,,,,,
TCGA-A2-A0D1,,,,,,,
TCGA-B6-A0WZ,,,,,,,
TCGA-BH-A0BC,,,,,,,
TCGA-B6-A0I2,,,,,,,
TCGA-GM-A3XN,,,,,,,
TCGA-A2-A0CW,,,,,,,
TCGA-A8-A09Q,,,,,,,
TCGA-S3-AA17,,,,,,,
TCGA-E2-A15E,,,,,,,
TCGA-E2-A1LL,,,,,,,
TCGA-E9-A2JS,,,,,,,
TCGA-S3-AA12,,,,,,,
TCGA-A8-A0A6,,,,,,,
TCGA-B6-A0IJ,,,,,,,
TCGA-D8-A1XZ,,,,,,,
TCGA-AC-A3W5,,,,,,,
TCGA-AO-A12E,,,,,,,
TCGA-A7-A13F,,,,,,,
TCGA-E2-A1IE,,,,,,,
TCGA-C8-A1HM,,,,,,,
TCGA-A2-A3KC,,,,,,,
TCGA-A7-A4SD,,,,,,,
TCGA-AO-A03R,,,,,,,
TCGA-AR-A24L,,,,,,,
TCGA-AN-A0FK,,,,,,,
TCGA-A2-A3XY,,,,,,,
TCGA-A2-A0EM,,,,,,,
TCGA-EW-A1P3,,,,,,,
TCGA-AR-A24N,,,,,,,
TCGA-E2-A14Q,,,,,,,
TCGA-BH-A0E0,,,,,,,
TCGA-AR-A2LK,,,,,,,
TCGA-B6-A0RN,,,,,,,
TCGA-A2-A04U,,,,,,,
TCGA-A8-A0AB,,,,,,,
TCGA-OL-A5DA,,,,,,,
TCGA-LQ-A4E4,,,,,,,
TCGA-A8-A06Z,,,,,,,
TCGA-AR-A24U,,,,,,,
TCGA-BH-A0HK,,,,,,,
TCGA-A8-A076,,,,,,,
TCGA-BH-A0H5,,,,,,,
TCGA-A8-A09R,,,,,,,
TCGA-A1-A0SJ,,,,,,,
TCGA-A7-A4SA,,,,,,,
TCGA-D8-A1X8,,,,,,,
TCGA-OL-A66O,,,,,,,
TCGA-5L-AAT0,,,,,,,
TCGA-E9-A244,,,,,,,
TCGA-EW-A1J6,,,,,,,
TCGA-E9-A1RG,,,,,,,
TCGA-OL-A5RV,,,,,,,
TCGA-LL-A5YL,,,,,,,
TCGA-BH-A18H,,,,,,,
TCGA-BH-A0EA,,,,,,,
TCGA-AN-A04A,,,,,,,
TCGA-E2-A14R,,,,,,,
TCGA-BH-A18K,,,,,,,
TCGA-BH-A0RX,,,,,,,
TCGA-BH-A0AZ,,,,,,,
TCGA-D8-A140,,,,,,,
TCGA-A7-A5ZW,,,,,,,
TCGA-BH-A0HX,,,,,,,
TCGA-B6-A409,,,,,,,
TCGA-A2-A25D,,,,,,,
TCGA-A2-A0ST,,,,,,,
TCGA-LL-A6FR,,,,,,,
TCGA-AN-A0FX,,,,,,,
TCGA-AR-A0TT,,,,,,,
TCGA-AR-A5QP,,,,,,,
TCGA-BH-A0W3,,,,,,,
TCGA-D8-A27F,,,,,,,
TCGA-E9-A1NE,,,,,,,
TCGA-A7-A3IZ,,,,,,,
TCGA-AC-A23C,,,,,,,
TCGA-A1-A0SI,,,,,,,
TCGA-E9-A1N8,,,,,,,
TCGA-B6-A0X1,,,,,,,
TCGA-EW-A1OV,,,,,,,
