,celltype_minor,celltype_subset,tumor_cluster,tumor_state,Proliferation_score,Basal_score,Epithelial_score,Stress_score
CID4465_AATCCAGTCGGAATCT,Cancer LumB SC,Cancer LumB SC,0,Intermediate epithelial,-0.26643862247467043,-0.43247638702392577,0.8920860526537655,0.6477722358703613
CID4465_AGGCCACTCAATCACG,Cancer LumB SC,Cancer LumB SC,1,Stress-responsive epithelial,-0.410148024559021,-0.4000902533531189,-0.8024483536228989,-0.0165420405069987
CID4465_ATCACGACAATCGGTT,Cancer LumB SC,Cancer LumB SC,1,Stress-responsive epithelial,0.05490175088246663,-0.5349807226657868,0.317798910237322,0.5447057549158733
CID4465_CTACACCTCGAGCCCA,Cancer LumB SC,Cancer LumB SC,0,Intermediate epithelial,-0.3148270098368327,0.34658170223236084,0.46618818658770944,0.6561968723932903
CID4465_TGGTTAGGTATAAACG,Cancer LumB SC,Cancer LumB SC,2,Proliferative,-0.34391130288441973,-0.3965651452541351,0.2236214883399733,-0.20972588380177815
CID4465_AACGTTGGTTAAGAAC,Cancer Cycling,Cancer Cycling,1,Stress-responsive epithelial,0.47330895582834875,-0.38539827823638917,0.9740387430094709,3.0988969532648722
CID4465_AACTGGTTCCGAATGT,Cancer Cycling,Cancer Cycling,1,Stress-responsive epithelial,0.8758482146263122,-0.05266752481460574,0.38748654668981364,0.8702850429217022
CID4465_ACACTGACAGCGTTCG,Cancer Cycling,Cancer Cycling,2,Proliferative,0.09380333264668783,0.11819977283477784,0.4935413225732669,0.30680836359659835
CID4465_ACGGGCTGTCCGAAGA,Cancer Cycling,Cancer Cycling,2,Proliferative,0.6841338157653809,-0.08068297386169432,0.3865754512825397,-0.2514140462875366
CID4465_ACGGGTCCATCAGTAC,Cancer Cycling,Cancer Cycling,1,Stress-responsive epithelial,0.027864089012146043,0.3520470428466797,0.31417532737808984,0.6105257256825766
CID4465_ATAACGCAGTGCCATT,Cancer Cycling,Cancer Cycling,2,Proliferative,0.4423792219161988,0.03776163220405576,0.11809342894891295,-0.3946962960561116
CID4465_ATAGACCAGGATGCGT,Cancer Cycling,Cancer Cycling,2,Proliferative,0.5406150023142496,-0.09971631318330765,-0.010597413718098192,-0.026371930042902614
CID4465_ATGAGGGTCGTGGACC,Cancer Cycling,Cancer Cycling,1,Stress-responsive epithelial,0.4399211629231771,-0.6039151179790497,0.5299773115100284,-0.5076431465148925
CID4465_CAACCTCTCGGCTTGG,Cancer Cycling,Cancer Cycling,0,Intermediate epithelial,1.2386810819307965,-0.05705496072769167,-0.11968244567061914,-0.6308883905410767
CID4465_CACACTCCAGGACGTA,Cancer Cycling,Cancer Cycling,0,Intermediate epithelial,0.9397120388348896,-0.06724032938480373,0.300043204818109,0.0007559116681417066
CID4465_CAGAATCTCTTGTTTG,Cancer Cycling,Cancer Cycling,2,Proliferative,0.7675716400146484,-0.3560927665233612,0.806000100241767,-0.03808223247528075
CID4465_CAGCAGCCAGCTTCGG,Cancer Cycling,Cancer Cycling,0,Intermediate epithelial,0.054566379388173436,0.34231249570846556,-0.40425297130237925,-0.5179128177960715
CID4465_CAGCATAGTAGTAGTA,Cancer Cycling,Cancer Cycling,2,Proliferative,1.048250277042389,0.0745990711450577,0.052005464862091344,1.7046034105618797
CID4465_CATGCCTCACATTAGC,Cancer Cycling,Cancer Cycling,1,Stress-responsive epithelial,0.18899624983469643,-0.1510937863588333,-0.37068523903085726,-0.8953748893737793
CID4465_CCAGCGAAGATAGGAG,Cancer Cycling,Cancer Cycling,0,Intermediate epithelial,0.08121399482091263,-0.381683856844902,0.1003150701522828,0.8205210940043133
CID4465_CCGTGGAGTCCCGACA,Cancer Cycling,Cancer Cycling,2,Proliferative,0.00195815881093353,-0.06094610989093785,-0.08758488423896549,-0.11362205664316827
CID4465_CCTTACGCAAATTGCC,Cancer Cycling,Cancer Cycling,0,Intermediate epithelial,-0.3853058362007141,-0.07312478721141813,0.35810408784885595,1.003334866364797
CID4465_CGGTTAAGTGATGCCC,Cancer Cycling,Cancer Cycling,0,Intermediate epithelial,-0.25395140329996746,-0.3516511499881744,0.7878070094368674,-0.19609125137329098
CID4465_CGTCAGGTCTTCGGTC,Cancer Cycling,Cancer Cycling,0,Intermediate epithelial,1.19244432926178,-0.4403239703178406,-0.40105373209173023,-0.3578000370661418
CID4465_CTGCTGTGTTACCAGT,Cancer Cycling,Cancer Cycling,2,Proliferative,0.5927761109670003,-0.16784853935241695,-0.06061729806842231,-0.061722405751546194
CID4465_CTGTGCTGTTTGACTG,Cancer Cycling,Cancer Cycling,2,Proliferative,0.10698539098103838,-0.3423612022399902,-0.08147004204567032,-0.12613624095916748
CID4465_GAACCTACATGTAAGA,Cancer Cycling,Cancer Cycling,2,Proliferative,0.6931547760963439,-0.19509806096553806,0.36824098596669197,0.24921349763870237
CID4465_GAACCTAGTAAGAGAG,Cancer Cycling,Cancer Cycling,2,Proliferative,0.21155743916829428,-0.05333791255950926,-0.5463649277735237,-0.1073233938217163
CID4465_GACTACACATATACCG,Cancer Cycling,Cancer Cycling,0,Intermediate epithelial,-0.27581941286722816,0.36517692446708677,1.5865597614134201,-0.16812262217203772
CID4465_GAGCAGATCCAAACTG,Cancer Cycling,Cancer Cycling,0,Intermediate epithelial,0.7409874931971233,-0.26914418101310733,-0.6676423602634005,-0.13728665510813387
CID4465_GATGCTATCTGGCGTG,Cancer Cycling,Cancer Cycling,2,Proliferative,1.03018949508667,0.08757034420967102,0.3401178658610644,-0.003069477081298677
CID4465_GCACATAGTTGCTCCT,Cancer Cycling,Cancer Cycling,1,Stress-responsive epithelial,-0.3858496920267741,-0.4905861759185791,0.4253820033988567,0.2683417002360026
CID4465_GCATACACACCCATTC,Cancer Cycling,Cancer Cycling,2,Proliferative,1.133786039352417,-0.04588992953300475,-0.24074921463475085,-0.45717858155568436
CID4465_GCGACCATCTATCGCC,Cancer Cycling,Cancer Cycling,2,Proliferative,-0.057154117027918505,-0.5924955457448959,0.07155721994361475,-0.3451657656828563
CID4465_GCGCAGTTCTATCGCC,Cancer Cycling,Cancer Cycling,2,Proliferative,0.7804448270797729,0.04718515247106547,0.6302279170113381,-0.32556272466977443
CID4465_GCTTGAAGTGCAGACA,Cancer Cycling,Cancer Cycling,2,Proliferative,-0.09517910401026408,-0.23591870248317715,-0.6139146739786321,1.0200113741556804
CID4465_GGCCGATAGACACTAA,Cancer Cycling,Cancer Cycling,1,Stress-responsive epithelial,0.7180726687113445,0.2832504439353943,-0.2650351081231628,0.053691376050313266
CID4465_GGCTGGTGTGGTGTAG,Cancer Cycling,Cancer Cycling,1,Stress-responsive epithelial,1.2196573448181154,0.7357015526294708,0.6441939850046177,2.6004545799891154
CID4465_GGGAATGTCCTCAATT,Cancer Cycling,Cancer Cycling,2,Proliferative,0.7342262252171834,-0.31589601874351503,-0.46204428528294406,-0.44812827905019126
CID4465_GGGATGATCACGACTA,Cancer Cycling,Cancer Cycling,2,Proliferative,0.16158647696177164,-0.45341593742370606,0.5285955843299327,-0.37875029722849535
CID4465_GTAACTGGTCGTCTTC,Cancer Cycling,Cancer Cycling,0,Intermediate epithelial,-0.13219830513000486,-0.0507165789604187,-0.5106845769015225,1.329451562563578
CID4465_GTCGTAAAGCCGCCTA,Cancer Cycling,Cancer Cycling,0,Intermediate epithelial,1.0662452340126038,0.029867246150970472,0.32162844388171874,-0.1358056004842123
CID4465_GTGCAGCCAATGTAAG,Cancer Cycling,Cancer Cycling,2,Proliferative,0.8870464928944906,-0.061356253623962353,0.036865221129523285,1.285948015054067
CID4465_GTTAAGCAGGATGGTC,Cancer Cycling,Cancer Cycling,0,Intermediate epithelial,0.84400390625,-0.5299083352088928,-0.7560768411617087,-0.6444120105107626
CID4465_TACTCGCAGTTTGCGT,Cancer Cycling,Cancer Cycling,0,Intermediate epithelial,-0.11560321807861329,0.03891925454139711,-0.14687314852319577,0.33901927312215174
CID4465_TCAGCAACATTGTGCA,Cancer Cycling,Cancer Cycling,0,Intermediate epithelial,0.8484268617630006,0.13785067915916444,-0.26115461985270194,-0.5395601383845012
CID4465_TCGGGACCAATGGAAT,Cancer Cycling,Cancer Cycling,2,Proliferative,0.6429429380098979,-0.5445654797554016,0.5125197663451686,-0.2985417373975118
CID4465_TCTCATAGTCTCTTAT,Cancer Cycling,Cancer Cycling,1,Stress-responsive epithelial,0.8109601275126139,-0.5205855262279511,0.5384101699096988,0.3353051153818766
CID4465_TGAGGGAAGTTATCGC,Cancer Cycling,Cancer Cycling,0,Intermediate epithelial,-0.12536900202433268,-0.30993953108787536,-0.6911762266448049,0.6360012006759644
CID4465_TGATTTCAGGGTGTTG,Cancer Cycling,Cancer Cycling,0,Intermediate epithelial,0.16922139326731367,0.18840733885765076,0.13260054443821767,-0.058071556091308596
CID4465_TGCCCATGTCAGCTAT,Cancer Cycling,Cancer Cycling,2,Proliferative,-0.38364699204762776,0.5479532516002654,0.9324997983797633,0.4917265049616496
CID4465_TGCGCAGCACGTCAGC,Cancer Cycling,Cancer Cycling,2,Proliferative,0.3746977090835571,-0.4501086902618408,0.34199925335970804,-0.3118032773335775
CID4465_TGCTGCTCAATAACGA,Cancer Cycling,Cancer Cycling,2,Proliferative,0.29464495897293097,-0.050285606980323805,0.4473520445101189,-0.16178841511408482
CID4465_TTAGGCAGTAAACACA,Cancer Cycling,Cancer Cycling,1,Stress-responsive epithelial,-0.30750084400177,0.3788741338253021,-0.09833360151811088,-0.29036413033803304
CID4465_TTCTACAGTGCAGGTA,Cancer Cycling,Cancer Cycling,0,Intermediate epithelial,-0.3823179626464844,-0.4362572330236435,-0.12043822389660463,-0.6104114667574565
CID4465_TTCTCCTGTCTGGTCG,Cancer Cycling,Cancer Cycling,2,Proliferative,-0.4518959911664327,0.025566805005073523,0.5585955152607927,0.5512517046928405
CID4465_TTTATGCCACCGAATT,Cancer Cycling,Cancer Cycling,2,Proliferative,1.3736941003799439,0.23176718652248385,-0.15153340016952677,0.24749372800191238
CID4465_AACCGCGTCAACACCA,Cancer Cycling,Cancer Cycling,0,Intermediate epithelial,-0.013430980841318774,-0.025165671408176382,0.871362173075628,0.010167587598164829
CID4465_AATCCAGTCGGGAGTA,Cancer Cycling,Cancer Cycling,2,Proliferative,-0.4622109047571818,0.055557790994644196,0.5996750740089802,0.30425038496653234
CID4465_ACGCCAGAGTCGCCGT,Cancer Cycling,Cancer Cycling,1,Stress-responsive epithelial,-0.39988298098246255,0.18512022018432617,1.3522679454148419,1.3159283383687335
CID4465_ACTGAGTGTAAAGTCA,Cancer Cycling,Cancer Cycling,2,Proliferative,0.08375701427459714,0.11036157011985781,-0.45638174577192825,-0.4256969340642293
CID4465_AGAATAGTCGAGGTAG,Cancer Cycling,Cancer Cycling,1,Stress-responsive epithelial,-0.2696179548899333,-0.41823044419288635,0.7485912737220225,0.7663945515950521
CID4465_AGATCTGAGTTTGCGT,Cancer Cycling,Cancer Cycling,1,Stress-responsive epithelial,-0.09365248123804731,-0.07411244571208953,0.4281328020673809,-0.41075075944264733
CID4465_AGCGTATCACAGATTC,Cancer Cycling,Cancer Cycling,1,Stress-responsive epithelial,-0.007264797687530522,-0.014706873297691325,0.935303415192498,0.5307673374811809
CID4465_AGGGATGAGTGTCTCA,Cancer Cycling,Cancer Cycling,1,Stress-responsive epithelial,0.16033763567606607,-0.46661688923835754,-0.39362048476633404,0.24684625625610346
CID4465_AGGTCCGCAATAGCGG,Cancer Cycling,Cancer Cycling,2,Proliferative,0.9569580594698588,0.5003787928819656,-0.22613889015082156,0.6221015508969625
CID4465_AGGTCCGGTTCAACCA,Cancer Cycling,Cancer Cycling,2,Proliferative,-0.3519985961914063,0.19278374254703523,0.5479700813389787,0.19181706666946408
CID4465_AGTGGGATCGCCTGAG,Cancer Cycling,Cancer Cycling,1,Stress-responsive epithelial,-0.2595146910349528,-0.5059315979480743,0.07350543532708675,-0.13199336687723795
CID4465_AGTGTCACAGATTGCT,Cancer Cycling,Cancer Cycling,0,Intermediate epithelial,0.07948116938273114,-0.41043557167053224,0.5008121365248553,-0.23246196587880447
CID4465_ATCATGGAGGACGAAA,Cancer Cycling,Cancer Cycling,1,Stress-responsive epithelial,-0.36210686842600504,-0.35695316195487975,0.12239818765659527,1.5441744041442869
CID4465_ATTATCCAGCTGGAAC,Cancer Cycling,Cancer Cycling,2,Proliferative,1.0227739055951437,-0.5318628787994385,0.0718496609215784,0.4548011509577434
CID4465_CAGCTGGCAATAGCGG,Cancer Cycling,Cancer Cycling,0,Intermediate epithelial,-0.2526642831166585,-0.4060078287124634,0.30726987376357573,-0.1561844619115193
CID4465_CATATTCGTTCAACCA,Cancer Cycling,Cancer Cycling,0,Intermediate epithelial,-0.21340505599975587,-0.4656881272792816,-0.3867974430623681,0.7508124272028606
CID4465_CCAATCCGTCCGAGTC,Cancer Cycling,Cancer Cycling,0,Intermediate epithelial,0.29971382459004714,0.07195008814334869,0.052577297615282514,-0.5711287824312846
CID4465_CGCTTCATCTGCTTGC,Cancer Cycling,Cancer Cycling,0,Intermediate epithelial,-0.36464380423227943,-0.4685529863834381,0.3576840911248719,0.30337772369384763
CID4465_CGGAGCTTCCCTCAGT,Cancer Cycling,Cancer Cycling,1,Stress-responsive epithelial,-0.22279199282328288,0.35256430745124817,0.1386177944414544,1.3093864790598553
CID4465_CGTTAGAAGTAACCCT,Cancer Cycling,Cancer Cycling,1,Stress-responsive epithelial,0.24801028649012247,-0.1003859376907349,-0.19753552398296326,-0.061291007995605495
CID4465_GAGTCCGGTAACGACG,Cancer Cycling,Cancer Cycling,1,Stress-responsive epithelial,0.4264419825871787,-0.157768115401268,0.08693241470991953,0.9156576744715373
CID4465_GCGAGAACAGACAAGC,Cancer Cycling,Cancer Cycling,2,Proliferative,-0.012566113471984885,0.23720752000808715,-0.5465045630329788,-0.013514691988627092
CID4465_GGAACTTTCCGGCACA,Cancer Cycling,Cancer Cycling,0,Intermediate epithelial,-0.27036306381225583,0.12419257283210755,0.19800386669659853,0.01433218479156495
CID4465_GTATTCTCACCGATAT,Cancer Cycling,Cancer Cycling,2,Proliferative,0.19292969703674318,-0.4223519092798233,-0.5544916131279685,-0.3542520872751872
CID4465_GTCACGGAGAGCCTAG,Cancer Cycling,Cancer Cycling,0,Intermediate epithelial,0.2199687210718791,-0.14790140151977538,-0.3493661447004839,0.2744621324539184
CID4465_GTGAAGGTCCGTAGGC,Cancer Cycling,Cancer Cycling,0,Intermediate epithelial,0.41919417063395187,-0.4522110641002655,-0.014451231137670772,-0.42172978401184075
CID4465_TAAACCGCATCTATGG,Cancer Cycling,Cancer Cycling,0,Intermediate epithelial,-0.6565218353271485,-0.3216442054510117,-0.3269447993750525,1.1400220290819805
CID4465_TACGGTAGTGCCTTGG,Cancer Cycling,Cancer Cycling,0,Intermediate epithelial,-0.33877723217010497,0.06892914772033693,0.7571118085071294,0.2031132109959921
CID4465_TACTTGTTCCGTTGTC,Cancer Cycling,Cancer Cycling,2,Proliferative,0.5473669679959615,0.25723822176456457,-0.10203885454120065,-0.6243864703178406
CID4465_TCACAAGGTTTAGGAA,Cancer Cycling,Cancer Cycling,0,Intermediate epithelial,0.18396702448527025,-0.44917830705642703,-0.12937456911260425,-0.851154294013977
CID4465_TCGTACCGTTCGGGCT,Cancer Cycling,Cancer Cycling,1,Stress-responsive epithelial,-0.46536266962687173,-0.47748024880886075,-0.07343105306529041,0.23592151482899992
CID4465_TGAAAGAAGAACTGTA,Cancer Cycling,Cancer Cycling,2,Proliferative,0.10025741259257004,-0.6043223112821579,0.42747224099708325,0.3671732052167256
CID4465_TGCACCTAGTTCCACA,Cancer Cycling,Cancer Cycling,2,Proliferative,-0.3226838207244873,0.34579774260520935,1.591029413781985,2.815164221127828
CID4465_TGTTCCGGTCGCTTCT,Cancer Cycling,Cancer Cycling,1,Stress-responsive epithelial,0.2936045757929484,-0.4886162853240967,0.7794042664344865,0.9749426364898681
CID4465_TTAACTCAGTAACCCT,Cancer Cycling,Cancer Cycling,0,Intermediate epithelial,-0.4054746246337891,-0.49844263553619383,0.022791964598376402,-0.7395807043711344
CID4465_GGGTCTGCATGCGCAC,Cancer Cycling,Cancer Cycling,2,Proliferative,0.11177011966705325,1.0131100881099702,-0.8158837183557376,0.34832367579142254
CID4465_TCAATCTCACACATGT,Cancer Cycling,Cancer Cycling,2,Proliferative,0.36802575588226316,0.25218733549118044,0.7384195631200617,-0.2517520443598429
CID4465_AGCGGTCGTGTTGGGA,Cancer Basal SC,Cancer Basal SC,1,Stress-responsive epithelial,-0.30789066950480143,0.11052705168724059,1.2330424732632106,-0.31010791778564456
CID4465_AGGTCATCAATGACCT,Cancer Basal SC,Cancer Basal SC,2,Proliferative,-0.3576111507415771,-0.38010931491851807,1.2259217999198222,0.4835688066482545
CID4465_ATAGACCGTAAAGGAG,Cancer Basal SC,Cancer Basal SC,0,Intermediate epithelial,-0.3619637044270833,0.24995275497436525,0.837172337734338,0.8182107512156169
CID4465_CACCTTGTCATCATTC,Cancer Basal SC,Cancer Basal SC,1,Stress-responsive epithelial,-0.35467300415039066,-0.07908463537693022,-0.24166183447597,1.2611891802151995
CID4465_CATGCCTGTGCCTGCA,Cancer Basal SC,Cancer Basal SC,0,Intermediate epithelial,-0.2521049499511719,0.33794728279113767,0.46707762756732984,0.41352425416310623
CID4465_CCTCTGAAGGCGCTCT,Cancer Basal SC,Cancer Basal SC,2,Proliferative,-0.08752618471781415,-0.43855455160140994,0.9142822188560409,0.9500178988774617
CID4465_GATCGCGCATGTAAGA,Cancer Basal SC,Cancer Basal SC,0,Intermediate epithelial,-0.3338712501525879,-0.37845431089401244,0.50682336682021,1.2684236812591552
CID4465_GCATACAAGCCAGTAG,Cancer Basal SC,Cancer Basal SC,1,Stress-responsive epithelial,-0.3272502835591634,0.14966292381286622,1.0876883535674124,-0.34594059308369957
CID4465_GCGGGTTCAGTTTACG,Cancer Basal SC,Cancer Basal SC,0,Intermediate epithelial,-0.335023353099823,-0.44463020443916323,0.937075343517342,-0.7570836925506592
CID4465_GGCGTGTTCGAATCCA,Cancer Basal SC,Cancer Basal SC,1,Stress-responsive epithelial,-0.3611080551147461,-0.4286297285556793,1.3039781955757528,0.5312259833017984
CID4465_GGGTTGCAGGATGTAT,Cancer Basal SC,Cancer Basal SC,0,Intermediate epithelial,-0.31953089237213134,-0.3892532789707184,1.220650653164796,1.3655056826273602
CID4465_GTATCTTCAGTCTTCC,Cancer Basal SC,Cancer Basal SC,1,Stress-responsive epithelial,0.3301713101069133,-0.3029943072795868,0.20390706881128173,-0.3554773648579915
CID4465_GTCTCGTAGGCTAGGT,Cancer Basal SC,Cancer Basal SC,1,Stress-responsive epithelial,-0.333138640721639,-0.415607351064682,0.8955877270361389,0.33201945145924894
CID4465_GTGAAGGCACATTCGA,Cancer Basal SC,Cancer Basal SC,0,Intermediate epithelial,-0.45359142939249675,0.07779950618743897,1.0419462256961398,2.626722509066264
CID4465_TAAGAGATCAGTGTTG,Cancer Basal SC,Cancer Basal SC,2,Proliferative,-0.4063150421778361,0.06756356954574583,0.9022190532299003,-0.13979790051778163
CID4465_TATGCCCGTGGAAAGA,Cancer Basal SC,Cancer Basal SC,0,Intermediate epithelial,-0.049659676551818854,-0.5009446525573731,-0.29787628024515467,-0.831818790435791
CID4465_TCAACGAGTGCGGTAA,Cancer Basal SC,Cancer Basal SC,0,Intermediate epithelial,-0.40891936977704363,0.6902800998091698,1.1728133360544841,1.3936708533763886
CID4465_TGTTCCGGTAGATTAG,Cancer Basal SC,Cancer Basal SC,1,Stress-responsive epithelial,-0.47372249921162923,-0.35718740344047545,0.08194272205083053,0.3776465384165445
CID4465_TTCTTAGAGATAGCAT,Cancer Basal SC,Cancer Basal SC,2,Proliferative,-0.416940541267395,0.21396073102951052,1.1404008080260921,-0.11961170673370358
