source,target,ligand_complex,receptor_complex,lr_means,cellphone_pvals,expr_prod,scaled_weight,lr_logfc,spec_weight,lrscore,specificity_rank,magnitude_rank
CAFs,Cancer Epithelial,LUM,ITGB1,2.9806516,0.0,6.377883,0.960593889026416,2.6961296938669403,0.14970875,0.96291065,0.017688151342452645,1.1017058736419318e-05
Cancer Epithelial,T-cells,CD59,CD2,2.3652103,0.0,4.842017,1.5016312528021303,2.489599923620293,0.22143656,0.9576648,0.01141598632682796,0.0005374440564114868
CAFs,Cancer Epithelial,LGALS1,ITGB1,2.243112,0.0,4.316475,0.568738187064318,0.8725289002496923,0.06960992,0.95527357,0.08854386870445928,0.001206110111821288
Cancer Epithelial,Myeloid,APP,CD74,2.7976468,0.0,2.5850363,0.8441025608237,1.4747352919839214,0.07756928,0.9429499,0.06099893916618917,0.004344995628611922
Cancer Epithelial,PVL,MDK,SDC2,1.9279587,0.0,2.0978498,0.9135802742628202,1.9241773172238363,0.18109728,0.93706614,0.017688151342452645,0.009703023613128534
Cancer Epithelial,Endothelial,APP,CD74,2.2481995,0.0,2.026632,0.5853083037588804,0.7445179206069636,0.06081323,0.93604004,0.12648740025500985,0.010025368927137806
Myeloid,Cancer Epithelial,LGALS1,ITGB1,1.7801056,0.0,3.022381,0.31055701654335305,0.04560546373091601,0.04874063,0.9470115,0.5295821919714354,0.011714081907667259
PVL,Cancer Epithelial,LGALS1,ITGB1,1.7446957,0.0,2.923411,0.2908118786895366,0.1550918958109051,0.04714458,0.94616985,0.4141167935331162,0.013530540159274958
Plasmablasts,Cancer Epithelial,PKM,CD44,0.17189068,1.0,0.028479356,-0.2378362304029746,-1.2772161938959077,0.0031279055,0.63435036,1.0,0.014917099863024866
Cancer Epithelial,CAFs,MDK,LRP1,1.8786037,0.0,1.7819357,0.9445059165701672,1.9131024753245973,0.24767712,0.9320784,0.007769498771964479,0.01547398589993874
Cancer Epithelial,Plasmablasts,LGALS9,CD47,0.17480612,0.995,0.030496398,-0.13466457367564136,-0.7844467453584114,0.006664219,0.6422493,1.0,0.019878456222851733
Cancer Epithelial,Myeloid,COPA,CD74,2.6966023,0.0,1.5569818,0.8740652673292684,1.5760121663336955,0.08975668,0.92768013,0.03533999144173793,0.023510034257937726
Cancer Epithelial,Endothelial,MDK,ITGA6_ITGB1,1.834678,0.0,1.500774,1.0233959322805257,1.9235479498470291,0.22788207,0.92643696,0.010560560360677661,0.024502359930722854
CAFs,Cancer Epithelial,TIMP1,CD63,1.6003163,0.181,2.454618,0.0573888777030829,-0.17083905561620738,0.03261928,0.9415414,0.9976793198326692,0.02602778461548186
Cancer Epithelial,T-cells,APP,CD74,1.6406372,0.0,1.4091651,0.2991412694661859,0.009277153181100228,0.042284876,0.92426175,0.5861308701788486,0.028668252437676366
Cancer Epithelial,Myeloid,S100A8,CD68,1.5561638,0.0,2.4025319,1.5005712999204452,3.1142058971038518,0.3578518,0.9409483,0.00018307598691272138,0.0314306679429728
Plasmablasts,Cancer Epithelial,COL1A1,SDC1,0.18417819,1.0,0.033875864,-0.1801172281920682,-2.0179914213333907,0.009370487,0.6542305,1.0,0.034729530974444256
PVL,Cancer Epithelial,TIMP1,CD63,1.4746356,0.717,2.1343496,-0.02197698785162569,-0.23134208064397455,0.028363252,0.93757284,1.0,0.03917821096028991
B-cells,Cancer Epithelial,VCAN,CD44,0.18568844,0.873,0.034124196,-0.1048788204382749,-0.8836493647614931,0.010564786,0.6550561,1.0,0.03966890613859453
Cancer Epithelial,Myeloid,FN1,PLAUR,1.4661874,0.0,1.973033,0.4780215773393418,0.48729654104472653,0.064364836,0.935233,0.15443916519390416,0.04044199896935321
Endothelial,Cancer Epithelial,VWF,ITGB1,1.401577,0.0,1.9644014,0.8179469973145299,1.720857641349851,0.199337,0.9351001,0.017688151342452645,0.04636376780717
Cancer Epithelial,T-cells,S100A8,CD69,1.3913094,0.0,1.8438672,1.2531553205196273,3.0147136521171785,0.19264184,0.93315196,0.0016355317709524687,0.04911816572209242
Cancer Epithelial,Endothelial,COPA,CD74,2.147155,0.0,1.2206519,0.6152710102644487,0.8457947949567377,0.07036798,0.9190795,0.08504009644091182,0.05052344471853765
CAFs,Cancer Epithelial,MDK,NCL,1.3815547,0.0,1.3361243,0.7185069872156208,1.247725133389962,0.10303964,0.92237765,0.02162776794647476,0.05123307922207035
Cancer Epithelial,Endothelial,HMGB1,THBD,1.6196699,0.0,1.1954998,0.782160656156389,1.2934520090324033,0.15317774,0.9183019,0.017688151342452645,0.053389927879080354
Endothelial,Cancer Epithelial,HSPG2,ITGB1,1.3590131,0.0,1.845436,0.7336484669265387,1.3964078334825494,0.18433118,0.9331784,0.017688151342452645,0.055588527598015774
CAFs,Cancer Epithelial,LGALS3BP,ITGB1,1.3503842,0.0,1.8213186,0.47814206848831114,0.7239377541708936,0.0861241,0.93276715,0.06493311531197306,0.05858468718242346
Cancer Epithelial,Endothelial,S100A8,CD36,1.3283453,0.0,1.6304921,0.9923712001706633,2.304391057531609,0.2225564,0.92921245,0.012170863461374595,0.066396023871197
Endothelial,Cancer Epithelial,HBEGF,PRLR,0.19438286,0.0,0.036891993,0.6547275006983543,0.6738539507331938,0.45722094,0.6638131,0.07742246015503348,0.06918999112518037
Cancer Epithelial,CAFs,PSAP,LRP1,1.3160839,0.0,1.1555355,0.5727443904270683,1.0203190496860417,0.14648601,0.91701734,0.017688151342452645,0.06964791856837786
Cancer Epithelial,Myeloid,MIF,CD44_CD74,1.3151412,0.0,1.3195419,0.8168836392793178,1.2720724849305731,0.12902345,0.9219294,0.017688151342452645,0.07130096210644121
Cancer Epithelial,CAFs,MDK,SDC2,1.7750379,0.0,1.1190256,0.7269334155252541,1.1899122456814835,0.0966001,0.9157876,0.027011358069026613,0.07130096210644121
Cancer Epithelial,Myeloid,HMGB1,CXCR4,1.5965197,0.0,1.0651827,0.7605874002260888,1.204455227078947,0.08306187,0.9138665,0.04702136627076004,0.07896169736764574
Cancer Epithelial,Myeloid,S100A8,ITGB2,1.2820058,0.0,1.4734551,1.3104634309920375,2.7273973115786463,0.32695735,0.9258085,0.003191399037734821,0.0798352010440399
B-cells,Cancer Epithelial,CXCL10,SDC4,0.19698048,0.756,0.038009066,0.05905717934227579,-1.2334265584398254,0.013311282,0.66713345,1.0,0.08387665309404593
Plasmablasts,Cancer Epithelial,COL1A1,CD44,0.1977489,1.0,0.039058287,-0.26718614710380423,-2.2877216649449497,0.004095878,0.67015,1.0,0.08876127743546142
Cancer Epithelial,B-cells,APP,CD74,1.258307,0.378,1.0206023,0.11906042430996763,-0.7919910931672165,0.030625256,0.9121689,1.0,0.09252747538804001
Cancer Epithelial,Plasmablasts,APP,CD74,1.2300713,0.408,0.99190646,0.10576130151946704,-1.2194114611842792,0.029764177,0.9110198,1.0,0.1001643635781033
Endothelial,Cancer Epithelial,HLA-A,APLP2,1.2167108,0.0,1.197869,0.4677441656002152,0.665326565725818,0.07047419,0.9183761,0.08454818104833521,0.10211675282656112
CAFs,Cancer Epithelial,COL1A1,DDR1,1.9423485,0.0,0.9909179,1.1149731102005798,2.4875337424069905,0.51977307,0.91097933,0.0001837143301028084,0.10211675282656112
CAFs,Cancer Epithelial,CLEC11A,ITGB1,1.2119992,0.0,1.4345354,0.5230321441130705,1.0044044722955134,0.12681104,0.9248839,0.017688151342452645,0.10607299028805792
Myeloid,Cancer Epithelial,C1QB,C1QBP,1.2085639,0.0,1.4228971,1.1520266097385692,2.005717154597204,0.26326534,0.9246005,0.006027530500952695,0.10807675442503228
Plasmablasts,Cancer Epithelial,ARF6,SMAP1,0.20478547,0.569,0.041650694,0.057012686436291135,-0.40425875020438606,0.025522094,0.6772134,1.0,0.10824524490106296
Cancer Epithelial,T-cells,HLA-B,CD3D,1.2030733,0.988,1.0488366,0.4767887437289603,0.24923069922451346,0.024763139,0.91325593,1.0,0.10908500958666055
CAFs,Cancer Epithelial,VCAN,ITGB1,1.2007841,0.0,1.4031893,0.5239361303358556,0.9664535677293848,0.1214541,0.92411286,0.018778977605582177,0.11111427616940694
B-cells,Cancer Epithelial,APOE,SDC2,0.20473972,0.959,0.04190111,-0.1663186481045084,-1.8097814549039313,0.007456788,0.6778682,1.0,0.11310261134849403
CAFs,Cancer Epithelial,COL3A1,DDR1,1.810457,0.0,0.9185159,1.0754362133616049,2.1517971763673884,0.48814404,0.9078545,0.0012451934201812209,0.11730359238682994
Endothelial,Cancer Epithelial,THBS1,ITGA6,0.2130822,0.298,0.042180706,0.04193581068126416,-0.2467201204174104,0.038247373,0.67859393,1.0,0.11795454353358378
Cancer Epithelial,CAFs,MDK,SDC1,1.7401266,0.0,0.8955643,0.862740936018926,1.659519356143909,0.16721347,0.9067906,0.017688151342452645,0.1247154816671559
Myeloid,Cancer Epithelial,APOE,LSR,1.2569432,0.0,0.8665091,0.994249510054965,2.0675023495796885,0.26912394,0.90538734,0.005636201802073195,0.13233113153658693
B-cells,Cancer Epithelial,COL1A2,SDC1,0.20935117,1.0,0.04280799,-0.19409573991554285,-1.9043839785498196,0.010948147,0.68020153,1.0,0.13247769968092074
Plasmablasts,Cancer Epithelial,CCL5,SDC1,0.21015732,0.427,0.043094035,0.05122829659597537,-0.6148257875332097,0.023731241,0.6809255,1.0,0.13730788450155695
Cancer Epithelial,T-cells,COPA,CD74,1.5395927,0.0,0.8487481,0.3291039759717542,0.11055402753087429,0.048928518,0.9044966,0.454285979860945,0.14241870920836158
CAFs,Cancer Epithelial,SPON2,ITGB1,1.1643585,0.0,1.3013805,0.5087411466404113,1.0137958621928722,0.13564563,0.9214292,0.017688151342452645,0.1435599246660694
Endothelial,Cancer Epithelial,LGALS1,ITGB1,1.1595286,0.977,1.287881,-0.03548736859861992,-0.8159705841045781,0.020769099,0.9210509,1.0,0.1458545123998177
Endothelial,Cancer Epithelial,S100A8,CD69,0.2088075,0.99,0.04317263,-0.09761981256955601,-0.9127039362629972,0.0045105494,0.68112344,1.0,0.14695198379048022
Cancer Epithelial,B-cells,PTN,NCL,0.20841917,0.127,0.043403883,0.10646902982480562,-0.06659725071907369,0.03453306,0.68170327,0.7175574338209607,0.15176589624511458
Cancer Epithelial,CAFs,COL1A2,SDC1,0.21787287,1.0,0.043630335,-0.10848183854887555,-1.462954515396925,0.011158463,0.6822676,1.0,0.1565744068574867
Cancer Epithelial,PVL,S100A8,CD36,1.143666,0.0,1.0046444,0.807931552650236,2.3608557650215523,0.1371304,0.91153556,0.017688151342452645,0.1611613862291175
Cancer Epithelial,B-cells,MYL9,CD69,0.21492152,0.997,0.043695148,-0.14980260174072005,-1.4220768303594276,0.005623694,0.6824284,1.0,0.16137748630940732
Endothelial,Cancer Epithelial,LAMC1,ITGA6_ITGB1,0.21879321,0.003,0.043966055,0.16051029457387386,0.1840180933221475,0.070597954,0.6830978,0.4338528019909748,0.16617515384511683
Cancer Epithelial,Myeloid,S100A9,CD68,1.1276267,0.0,1.1872774,1.403065455592945,2.373660942628063,0.4232268,0.9180426,0.0003948325707576445,0.17091471938364744
Endothelial,Cancer Epithelial,TGM2,ITGB1,1.1088656,0.0,1.1462789,0.6545977340473951,1.1622869780492018,0.18067531,0.91671085,0.017688151342452645,0.17965448771951575
Plasmablasts,Cancer Epithelial,COL1A2,SDC1,0.21373533,1.0,0.044363618,-0.19175295583939223,-1.9490614529859844,0.011346,0.68407136,1.0,0.18053573154613914
PVL,Cancer Epithelial,LGALS3BP,ITGB1,1.1066585,0.0,1.1401101,0.2749300068484021,0.37130709917069593,0.053912014,0.9165046,0.2270396567949134,0.18091855043444138
T-cells,Cancer Epithelial,LGALS1,ITGB1,1.101232,0.982,1.1249431,-0.06799455760047124,-0.5863976396404804,0.01814147,0.91599077,1.0,0.18345829955981377
CAFs,Cancer Epithelial,LAMA4,ITGA6_ITGB1,0.22073862,0.014,0.04457422,0.10124790301836166,0.08077103961750134,0.05233383,0.6845829,0.7447838605144805,0.18531178190566966
Cancer Epithelial,CAFs,HMGB1,SDC1,1.5472076,0.0,0.7875966,0.6783186591293324,1.163455032438982,0.11088222,0.90121776,0.017688151342452645,0.18729678869863123
B-cells,Cancer Epithelial,MMP7,SDC1,0.21530949,0.21,0.044922177,0.10357230626722738,-0.13259780418683303,0.028424257,0.6854218,0.8393308946921665,0.19008243560241672
Cancer Epithelial,Endothelial,CALM1,AQP1,1.0754814,0.0,1.1564772,0.6168887732151089,1.2284453375199464,0.14308104,0.91704834,0.017688151342452645,0.19507710469588024
Endothelial,Cancer Epithelial,HBEGF,CD44,0.21440867,0.012,0.045874007,0.18063608371576056,0.1918244338376715,0.06010489,0.68767786,0.43504177368265823,0.1996075652102942
Cancer Epithelial,Endothelial,CD24,SELP,1.2814796,0.0,0.7624647,1.516258666376852,2.1963518864724874,0.60801363,0.89976484,0.0009818989097276122,0.20034007261866843
CAFs,Cancer Epithelial,COL1A2,CD44,1.9473703,0.0,0.75485057,0.6403353287870513,1.6332368471545335,0.07318783,0.8993113,0.07425585734669696,0.20432689037466284
Cancer Epithelial,Myeloid,MYL9,CD69,0.22169574,1.0,0.045930102,-0.14090302282966558,-1.0322340310517089,0.0059113395,0.68780905,1.0,0.2043620632163739
Plasmablasts,Cancer Epithelial,CXCL10,SDC4,0.21459171,0.833,0.045938604,0.07285850471767731,-1.206791767039292,0.01608831,0.6878289,1.0,0.2091111607507039
Cancer Epithelial,Myeloid,MIF,CD74_CXCR4,1.1669732,0.0,0.7400585,0.7640213428412164,1.235364685262771,0.10572287,0.89841175,0.019422310698439384,0.21240182850512457
CAFs,Cancer Epithelial,COL1A1,CD44,1.9073889,0.0,0.7384937,0.6434211080233411,1.863707121935111,0.07744273,0.89831513,0.06177106803192652,0.21512330229606774
Cancer Epithelial,CAFs,TIMP1,CD63,1.630431,0.077,0.73784006,0.057333432589824984,-0.8213459373682557,0.009805114,0.89827466,1.0,0.21648958377191782
CAFs,Cancer Epithelial,FBLN1,ITGB1,1.0356228,0.0,0.9415668,0.5413796353956868,1.237202383413862,0.1865131,0.908886,0.017688151342452645,0.22199169021689152
CAFs,Cancer Epithelial,COL1A2,SDC1,1.9337995,0.0,0.6546937,0.7274042476987874,1.9029670907660925,0.167438,0.89268064,0.017688151342452645,0.23277600418071448
Cancer Epithelial,Endothelial,CALM3,AQP1,1.0222588,0.0,1.043438,0.8026567099641415,1.6563881581364814,0.21525338,0.9130513,0.017688151342452645,0.2360034465748605
Cancer Epithelial,CAFs,LGALS9,MRC2,0.22589767,0.007,0.047561966,0.1892025174104167,0.42296140915479236,0.08727779,0.69154507,0.3934132321026922,0.2374928590011052
Plasmablasts,Cancer Epithelial,LGALS1,ITGB1,1.0186384,0.998,0.8940955,-0.11405028052045763,-1.4938613901275881,0.01441869,0.90672123,1.0,0.2388493509086978
CAFs,Cancer Epithelial,COL4A1,SDC1,0.22351557,0.813,0.047833942,0.020817074757214463,-0.3675161613414612,0.035602026,0.6921529,1.0,0.24220435071625124
Endothelial,Cancer Epithelial,THBS1,SDC1,0.2236357,0.133,0.047876567,0.0810164712952011,-0.12388603160203909,0.053381458,0.6922478,0.8671209667378825,0.246910482376836
Cancer Epithelial,CAFs,FN1,PLAUR,1.0129709,0.172,1.0250283,0.09677496285042847,-0.34899175155659523,0.033438765,0.9123421,1.0,0.24747341412228613
CAFs,Cancer Epithelial,TNC,SDC1,0.22468738,0.0,0.048249733,0.2442114875720372,0.6201348926480983,0.12135667,0.69307417,0.20617689119517174,0.2516112728464083
Cancer Epithelial,Myeloid,MMP7,CD44,1.0078794,0.0,0.90486985,1.091214795400477,1.7814921722721677,0.21705835,0.90722656,0.013477543633718494,0.25329418317395386
Cancer Epithelial,B-cells,MDK,NCL,1.7073668,0.0,0.68587357,0.7148257310172819,1.0452829715386533,0.052893408,0.894889,0.18857136599916163,0.2547582354377883
Endothelial,Cancer Epithelial,GNAI2,CAV1,0.2218879,0.865,0.048269477,0.018802922020763585,-0.2933490367877041,0.0263877,0.69311774,1.0,0.2563066935319057
Myeloid,Cancer Epithelial,HLA-A,APLP2,1.004914,0.0,0.9076276,0.3149556839337265,0.2357539462799676,0.053398434,0.9073545,0.3335064984918151,0.2576969806149598
CAFs,Cancer Epithelial,COL1A1,SDC1,1.8938181,0.0,0.64050716,0.7304900269350771,2.13343736554667,0.17717227,0.8916267,0.017688151342452645,0.2609967633149027
Endothelial,Cancer Epithelial,LAMA4,ITGA6_ITGB1,0.23318335,0.012,0.04846465,0.11813224790803345,0.08326084601346287,0.05690151,0.6935467,0.6561735836490106,0.2609967633149027
B-cells,Cancer Epithelial,COL1A1,SDC1,0.22567284,0.996,0.048599403,-0.15801588979363618,-1.9000788341036234,0.013443203,0.6938417,1.0,0.2656814852460825
PVL,Cancer Epithelial,LUM,ITGB1,0.99054706,0.968,0.8155811,-0.0037313787729438275,-1.3726757970079548,0.019144224,0.90276104,1.0,0.2695923359477681
B-cells,Cancer Epithelial,COL1A2,CD44,0.22292188,1.0,0.04935687,-0.28116465882727887,-2.1741142221613785,0.0047854795,0.6954819,1.0,0.27970361014048223
Cancer Epithelial,Myeloid,PKM,CD44,0.9840548,0.0,0.87271684,0.5677838351374169,0.8520189522580653,0.09585104,0.9056927,0.03334248403555885,0.28171007405691023
Cancer Epithelial,Endothelial,GRN,TNFRSF1A,0.22600074,0.452,0.04940148,0.04023769146316897,-0.06346191987765104,0.027763538,0.69557756,1.0,0.2843669711532748
Cancer Epithelial,PVL,COL1A2,ITGA1_ITGB1,0.23711658,1.0,0.04963126,-0.11705666415300489,-1.376661221396382,0.014318092,0.69606864,1.0,0.289024999567678
Cancer Epithelial,Plasmablasts,S100A8,CD69,1.0398118,0.0,0.65269977,0.7913771173342875,1.4755944246799615,0.068192154,0.89253443,0.09163231973431948,0.29560448820577323
Myeloid,Cancer Epithelial,LGALS3BP,ITGB1,0.9779523,0.002,0.7803789,0.16761811425593354,-0.2404574567305442,0.03690152,0.9008072,1.0,0.29716523444179477
B-cells,Cancer Epithelial,COL3A1,DDR1,0.22795928,0.996,0.049801663,0.195165344642033,-1.5290440781796648,0.026467025,0.6964311,1.0,0.29832507080404996
Cancer Epithelial,B-cells,LGALS9,CD47,0.23385972,0.732,0.050221443,-0.07239337362221512,-0.4150941654629949,0.010974631,0.6973176,1.0,0.3076038794497864
Plasmablasts,Cancer Epithelial,COL1A2,CD44,0.22730604,1.0,0.051150486,-0.27882187475112824,-2.218791696597543,0.004959383,0.6992485,1.0,0.31223529059671046
CAFs,Cancer Epithelial,FN1,PLAUR,1.3604299,0.0,0.63766325,0.20788252234382248,0.3330413069392013,0.020802032,0.89141154,1.0,0.3145543107560793
B-cells,Cancer Epithelial,LGALS1,ITGB1,0.9564632,0.983,0.72031724,-0.14872021625333115,-1.4373113769657944,0.011616244,0.89717126,1.0,0.31775908993798707
Cancer Epithelial,PVL,MMP7,CD151,0.95629,0.0,0.76650995,0.8548132270287192,1.5871943379668672,0.1201729,0.9000032,0.017688151342452645,0.3193663893668443
PVL,Cancer Epithelial,LAMA4,ITGA6_ITGB1,0.24231151,0.004,0.051318247,0.13051681437956714,0.3015847478887286,0.060251877,0.6995927,0.5798649393940829,0.3214821730584379
CAFs,Cancer Epithelial,TIMP2,ITGB1,0.955271,0.0,0.71698505,0.4052865862744154,0.7062641424500675,0.11009746,0.89695716,0.07161981898566151,0.322590820451779
Endothelial,Cancer Epithelial,TIMP1,CD63,0.9535075,1.0,0.8063746,-0.3510644824366849,-1.6150371019799707,0.010715866,0.9022616,1.0,0.325828364173238
Endothelial,Cancer Epithelial,MYL9,CD69,0.23145553,1.0,0.051693756,-0.1569241429281793,-1.2186259206801207,0.0066531384,0.7003582,1.0,0.3260976504746083
Cancer Epithelial,B-cells,COPA,CD74,1.1572626,0.43,0.6147145,0.14902313081553595,-0.6907142188174424,0.03543698,0.8896249,1.0,0.32907892839601594
B-cells,Cancer Epithelial,MMP7,CD44,0.2288802,0.404,0.051794495,0.016503387355491353,-0.402328047798392,0.012424358,0.7005625,1.0,0.3307078227485609
Plasmablasts,Cancer Epithelial,COL1A1,DDR1,0.23270856,1.0,0.05240878,0.20436585507343452,-1.6638950444730702,0.027490344,0.70179766,1.0,0.33531269293097954
T-cells,Cancer Epithelial,HLA-A,APLP2,0.943552,0.0,0.82353854,0.2706896014287572,0.2891593641795027,0.048451222,0.9031863,0.29042816749643274,0.3389081672108171
Cancer Epithelial,Myeloid,HLA-DMA,CD4,0.23260745,0.664,0.05247605,0.20566982724403834,-0.23130659724448244,0.036775317,0.7019319,1.0,0.33991226407254727
B-cells,Cancer Epithelial,S100A8,CD69,0.23523256,0.745,0.05311483,-0.07021796552030436,-1.0498104562915431,0.0055492814,0.7031961,1.0,0.3445065392239479
Plasmablasts,Cancer Epithelial,LUM,ITGB1,0.9412943,0.971,0.6779206,-0.027597299229546207,-2.072744426833968,0.015912905,0.8943392,1.0,0.3455252144670331
CAFs,Cancer Epithelial,ARF6,SMAP1,0.23532894,0.237,0.053126633,0.09097443639422884,-0.037484688801539795,0.03255415,0.7032193,0.8479845567129164,0.34909552143586486
Cancer Epithelial,Endothelial,ARF1,INSR,0.9363637,0.0,0.74955225,0.7789983869891071,1.48044078619464,0.19439827,0.89899194,0.017688151342452645,0.3505214420904102
Endothelial,Cancer Epithelial,APP,CD74,0.93394655,0.996,0.8099092,0.036226607485673606,-1.0036314595833524,0.024302982,0.9024543,1.0,0.35219317156488705
Cancer Epithelial,Plasmablasts,COPA,CD74,1.129027,0.491,0.5974308,0.13572400802503537,-1.1181345868345052,0.034440614,0.88821685,1.0,0.35722732539693547
Cancer Epithelial,Plasmablasts,HMGB1,CXCR4,1.5130377,0.0,0.5952481,0.5932555996762936,0.5030263517347089,0.046416845,0.88803506,0.2687686998626348,0.3605991491284055
Myeloid,Cancer Epithelial,ICAM1,CAV1,0.23714305,0.962,0.054091673,-0.07160034628758088,-0.6368537052773342,0.016213778,0.70509434,1.0,0.36283077170821565
Cancer Epithelial,Endothelial,MMP7,CD151,0.9244309,0.0,0.6810657,0.8210087125978343,1.1512822470605968,0.106777005,0.8945577,0.018307068764528363,0.3690832552418199
Cancer Epithelial,Myeloid,HLA-DRA,CD4,0.23618272,0.99,0.05442803,0.1474054698427806,-0.7759271846568992,0.024259152,0.7057384,1.0,0.371961175872728
CAFs,Cancer Epithelial,PLA2G2A,ITGB1,0.9207096,0.0,0.6203868,0.43294951250574465,1.816648575089736,0.18093772,0.890075,0.021804862358911475,0.37421094343030736
Myeloid,Cancer Epithelial,CD14,ITGB1,0.91929656,0.0,0.6164373,0.6873534397741439,0.7783148316799297,0.20578727,0.8897622,0.047338274105418264,0.37764481860719723
CAFs,Cancer Epithelial,LGALS1,CD69,1.6384274,0.0,0.5810548,0.3507225257053519,0.45938698008170026,0.022414954,0.8868296,0.9922754002236756,0.37936633501878925
Plasmablasts,Cancer Epithelial,CCL5,SDC4,0.23401347,0.21,0.05468334,0.14227351751155476,-0.42238155233011,0.023044838,0.70622414,1.0,0.38107048149579087
PVL,Cancer Epithelial,COL4A2,SDC1,0.8335935,0.0,0.2643078,0.40392081388745465,1.0117145920753896,0.109939076,0.84089375,0.0343303427239224,0.3831519327200646
CAFs,Cancer Epithelial,FBN1,ITGB1,0.91284025,0.0,0.59839195,0.42615165461429333,0.7214513941343725,0.14790046,0.88829666,0.06614962774729694,0.3845492652692488
Myeloid,Cancer Epithelial,FN1,ITGA6,0.9421919,0.0,0.27011195,0.17747278628583807,-0.023690769387916116,0.043595377,0.84234154,0.6247995478524125,0.3869537568280794
B-cells,Cancer Epithelial,FN1,ITGA6,0.25362715,1.0,0.054855697,-0.22554440692959932,-1.6524481159755704,0.008853569,0.7065505,1.0,0.39015871298287236
Cancer Epithelial,CAFs,CCL5,SDC1,0.23829615,0.214,0.05506028,0.13560677832435813,-0.1281010748039163,0.030320873,0.70693624,0.8256890672999581,0.3946949335521286
PVL,Cancer Epithelial,SPON2,ITGB1,0.90860116,0.0,0.58654386,0.24153212408847935,0.16430650285271597,0.061136704,0.8873006,0.40450520761727293,0.39674892286618657
Cancer Epithelial,CAFs,AGRN,ITGB1,0.6457726,0.0,0.27288973,0.32643683604302814,0.4107288157750383,0.09883314,0.8430197,0.20426785875240838,0.39721504939894003
Cancer Epithelial,Endothelial,SLPI,PLSCR1,0.90835,0.0,0.8070792,1.044425681629647,1.6225128236201676,0.20832033,0.9023001,0.017688151342452645,0.398503761711812
Endothelial,Cancer Epithelial,HMGB1,SDC1,0.85846514,0.003,0.273133,0.14611313430472272,0.1076547452232735,0.03845318,0.8430786,0.497308942795169,0.3985103750461718
CAFs,Cancer Epithelial,COL4A1,CD44,0.23708628,0.96,0.05515171,-0.06625184415452157,-0.6372464049530202,0.01556179,0.7071081,1.0,0.399225925222382
Cancer Epithelial,Myeloid,LGALS1,PTPRC,0.5817525,1.0,0.2629062,0.03719364201397929,-0.9916483060399492,0.01126109,0.8405377,1.0,0.4011093281184509
B-cells,Cancer Epithelial,COL1A1,CD44,0.23924355,0.998,0.056034274,-0.24508480870537222,-2.169809077715182,0.0058760787,0.7087494,1.0,0.40375163004305836
CAFs,Cancer Epithelial,PLAU,ITGB1,0.9061305,0.0,0.5796384,0.3761270229837424,0.639760727088554,0.10320684,0.8867071,0.08905310603329683,0.4037862574702631
Cancer Epithelial,PVL,VEGFA,ITGB1,0.7413939,0.0,0.27437934,0.3380882465731455,0.7558382789378331,0.07382428,0.84337956,0.07292890595921872,0.4050288357318814
CAFs,Cancer Epithelial,COL5A2,DDR1,0.6081248,0.0,0.25849402,0.7990247613227814,1.386785034358096,0.51533,0.83940023,0.017688151342452645,0.4050288357318814
Endothelial,Cancer Epithelial,ADAM15,ITGB1,0.90452105,0.0,0.57514006,0.45911133664043796,0.7539124408453158,0.096798666,0.88631517,0.05366953644189187,0.4055530305173542
CAFs,Cancer Epithelial,COL6A2,CD44,0.77623206,0.0,0.2757231,0.3906291607689931,0.87324413648817,0.077502206,0.84370196,0.06138409307161087,0.4063410842155877
Plasmablasts,Cancer Epithelial,APOE,SDC2,0.23863457,0.997,0.056061808,-0.1417771997511717,-1.7320948309473392,0.009976847,0.7088001,1.0,0.4082720815831774
Cancer Epithelial,Endothelial,FN1,PLAUR,0.6551677,1.0,0.27660182,-0.2042100550608663,-1.3003929736175337,0.009023382,0.84391165,1.0,0.4089739360503955
Cancer Epithelial,Endothelial,LGALS3BP,ITGB1,0.5795531,0.995,0.2776897,-0.14186244931632733,-0.8138149206705031,0.0131310215,0.84417,1.0,0.41161813628266264
Cancer Epithelial,CAFs,PTN,SDC1,0.24117897,0.0,0.056673665,0.25438423482644984,0.5476391338861821,0.10917038,0.70991904,0.183253589775331,0.41278728289342226
B-cells,Cancer Epithelial,LUM,ITGB1,0.90017533,0.906,0.56299394,-0.04752190030214365,-1.896036093914277,0.013215218,0.88523537,1.0,0.4144313458950514
Cancer Epithelial,Endothelial,S100A9,CD36,0.89980805,0.0,0.80575275,0.8948653558431628,1.56384610305582,0.26321462,0.9022276,0.017688151342452645,0.4162158852548312
B-cells,Cancer Epithelial,VIM,CD44,0.24153672,1.0,0.05697244,-0.3557125699500882,-1.7154642739021864,0.0040597655,0.7104601,1.0,0.41729723702447674
PVL,Cancer Epithelial,POSTN,PTK7,0.25111848,1.0,0.056977965,-0.044425230436224,-0.7993807251898899,0.028789625,0.7104701,1.0,0.4218019470270241
CAFs,Cancer Epithelial,COL6A1,CD44,0.7245169,0.0,0.25456578,0.34917935728147803,0.8059857294481174,0.070625246,0.8383654,0.08357075569426475,0.4223090544508482
Cancer Epithelial,Endothelial,CCL5,ACKR1,0.81783205,0.0,0.28312594,0.5480755502055104,1.015789039251477,0.054306656,0.8454409,0.17890870667379827,0.4250103633634128
Cancer Epithelial,CAFs,COPA,CD74,0.5718171,1.0,0.25634912,-0.12672664489816754,-1.5212759720405153,0.014777981,0.8388378,1.0,0.42772316710460057
CAFs,Cancer Epithelial,CALM1,KCNN4,0.57147956,0.003,0.2722809,0.43036797181732844,0.27095109930245087,0.0721515,0.84287184,0.33666251321920176,0.4290839605192096
Cancer Epithelial,Myeloid,SLPI,CD4,0.6577866,0.0,0.28460932,1.1512774815284907,1.6075342811102398,0.49199477,0.84578204,0.008285089477133833,0.4290839605192096
Endothelial,Cancer Epithelial,LGALS9,SLC1A5,0.2614421,0.0,0.0574501,0.31509298435686206,0.46718623178032265,0.1148395,0.71131814,0.1671535510236374,0.4307956468493314
Endothelial,Cancer Epithelial,LGALS9,CD47,0.5701737,0.0,0.28335154,0.3253442162398529,0.4688940777383348,0.061919335,0.84549296,0.16552279685798507,0.4331833566927463
PVL,Cancer Epithelial,COL1A2,SDC1,0.79624075,0.03,0.25105393,0.11952260147437585,-0.2542134147361625,0.06420708,0.83742195,1.0,0.4345557004694911
Cancer Epithelial,PVL,ADAM17,ITGB1,0.74593127,0.0,0.28586847,0.25769805897698683,0.566124065230716,0.05971119,0.8460697,0.1754888060758102,0.4345557004694911
Endothelial,Cancer Epithelial,LAMC1,CD44,0.24291742,0.024,0.0575373,0.11252203627607478,0.03712193852595985,0.0430691,0.71147376,0.679296439076276,0.4352846427704583
Cancer Epithelial,T-cells,CXCL16,CXCR6,0.56908286,0.0,0.28212017,0.9589789149659085,1.5349778776380831,0.38982007,0.8452083,0.017688151342452645,0.43730892861218357
PVL,Cancer Epithelial,COL1A2,CD44,0.8098115,0.154,0.28946087,0.032453682562639814,-0.5239436583477215,0.028065173,0.84688115,1.0,0.44285022325754675
Endothelial,Cancer Epithelial,LUM,ITGB1,0.80259037,1.0,0.29024592,-0.09480768342916984,-2.29647304236303,0.0068129743,0.8470567,1.0,0.445638338570167
Cancer Epithelial,PVL,LUM,ITGB1,0.8776978,0.997,0.61952,-0.07618878075878319,-1.406310370594116,0.01454206,0.8900066,1.0,0.45067153043535374
Cancer Epithelial,CAFs,FN1,SDC1,0.66284484,0.64,0.29266024,0.1253269800919212,-0.08737273958762015,0.058081787,0.84759253,1.0,0.45265984692368744
Cancer Epithelial,Endothelial,LGALS1,ITGB1,0.56385463,1.0,0.25191957,-0.42458198156777527,-1.9014063652087843,0.0040625976,0.83765614,1.0,0.45548894185756356
CAFs,Cancer Epithelial,COL6A3,SDC1,0.9184404,0.0,0.294414,0.5719091875046965,1.4892125284673872,0.18793905,0.847978,0.017688151342452645,0.45832995338259697
B-cells,Cancer Epithelial,TIMP1,CD63,0.87471986,1.0,0.60560244,-0.40081813807376154,-2.0087752250106368,0.008047816,0.88888955,1.0,0.4636241807226583
Myeloid,Cancer Epithelial,HMGB1,SDC1,0.7718925,0.232,0.24241444,0.0885669118316673,0.021443493426840654,0.034128454,0.83502394,0.8391090860350336,0.46404705856579714
PVL,Cancer Epithelial,COL1A1,DDR1,0.676129,0.116,0.295825,0.44054541033878114,-0.15901938354805456,0.15517116,0.8482859,0.8869806013623464,0.46404705856579714
CAFs,Cancer Epithelial,LAMA4,CD44,0.24486282,0.123,0.058333192,0.05325964472056256,-0.0661251151786863,0.03192686,0.7128818,1.0,0.4665613210894717
PVL,Cancer Epithelial,FN1,PLAUR,0.5941369,1.0,0.24069455,-0.24062916635943615,-1.2773230685131138,0.007852007,0.834533,1.0,0.46692335370626115
PVL,Cancer Epithelial,THBS1,CD47,0.5793189,0.0,0.2975173,0.25310536623488716,0.4687479106008592,0.061875727,0.8486526,0.1850135155915593,0.46692335370626115
PVL,Cancer Epithelial,APOE,LSR,0.567604,0.0,0.29805955,0.4951360164930296,0.3996697036523621,0.09257256,0.84876955,0.21198433593756744,0.4683660253590796
CAFs,Cancer Epithelial,TIMP3,CD44,0.8325484,0.0,0.2987628,0.29109225708977776,0.8864523078646065,0.05329911,0.8489207,0.18589821701832737,0.4698115097526012
Cancer Epithelial,CAFs,TNC,SDC1,0.24415651,0.0,0.05834005,0.2919222685962021,0.6280165480862816,0.14673561,0.71289384,0.1199772058552131,0.47100854698848527
CAFs,Cancer Epithelial,COL6A2,SDC1,0.76266134,0.0,0.23913896,0.47769807968072914,1.142974380099729,0.17730835,0.8340848,0.017688151342452645,0.4712601213302543
CAFs,Cancer Epithelial,CALM1,PTPRA,0.58818185,0.062,0.2991556,0.15588384969718797,-0.0006644592526793835,0.042927545,0.8490049,0.6009487980341347,0.47271155110979207
Plasmablasts,Cancer Epithelial,FAM3C,LAMP1,0.5777234,0.0,0.23803574,0.3449560327759104,0.03188359145877345,0.04069421,0.8337646,0.5532911952303713,0.4756235021828087
PVL,Cancer Epithelial,VIM,CD44,0.83672416,0.291,0.3004712,0.01608350167990321,-0.14028420029027905,0.021411097,0.849286,1.0,0.4770840302195649
T-cells,Cancer Epithelial,CCL5,SDC1,0.7582377,0.0,0.23756933,0.6225393644379977,1.6474037325786253,0.13082588,0.8336286,0.017688151342452645,0.47854754515899
CAFs,Cancer Epithelial,PTN,SDC1,0.25413978,0.0,0.05870033,0.25479233184290295,0.5370551464182161,0.11307435,0.71352345,0.18063728066575183,0.4798873792763414
T-cells,Cancer Epithelial,CCL5,SDC4,0.7820939,0.0,0.30145898,0.713584585353577,1.8398479677817252,0.12704188,0.84949595,0.017688151342452645,0.4800138919476509
Endothelial,Cancer Epithelial,VCAN,ITGB1,0.8876102,0.0,0.52787465,0.19960928965077504,0.033874836087375404,0.04569058,0.8819228,0.5512856107220321,0.48047692801787256
PVL,Cancer Epithelial,TIMP3,DDR1,0.56860507,0.0,0.23679961,0.5389510330496396,0.4518255903705394,0.21130836,0.83340347,0.17804908681449885,0.48295572440465706
Cancer Epithelial,Myeloid,TIMP1,CD63,1.1999649,0.999,0.52723664,-0.2050763340454213,-1.5122039647348844,0.0070064175,0.8818598,1.0,0.4842520166773937
CAFs,Cancer Epithelial,CCL5,SDC1,0.25460312,0.047,0.05886473,0.09755797870970875,0.04010791723209711,0.03241593,0.7138092,0.7625084981569302,0.484319021580912
Myeloid,Cancer Epithelial,MDK,ITGA6_ITGB1,0.26783788,1.0,0.059298202,-0.20090443878602532,-1.1073237877636906,0.009004018,0.714558,1.0,0.488745435667904
Cancer Epithelial,T-cells,LUM,ITGB1,0.54853773,1.0,0.29738748,-0.32472802027228836,-2.0618882587829512,0.006980609,0.8486246,1.0,0.48887555916977843
Cancer Epithelial,Myeloid,FN1,CD44,0.86032474,0.101,0.70573413,0.2604580176267791,-0.009664745279853393,0.053098157,0.89622396,0.6425950023982532,0.48993503105901937
Endothelial,Cancer Epithelial,HSPG2,SDC1,0.7489755,0.0,0.23428282,0.6254397405513066,1.4249023247917627,0.22079061,0.8326604,0.017688151342452645,0.49036291782830016
PVL,Cancer Epithelial,COL4A2,CD44,0.8471642,0.0,0.30474234,0.31685189497571864,0.7419843484638307,0.048054818,0.8501871,0.24724444624971134,0.49036291782830016
B-cells,Cancer Epithelial,VCAN,ITGB1,0.7821552,0.069,0.23313001,0.09039882484869334,-0.6424136124591476,0.02017874,0.8323164,1.0,0.4918534508926572
Plasmablasts,Cancer Epithelial,SPP1,CD44,0.24774502,0.906,0.059512336,-0.07224345683557636,-1.771482971388431,0.009014112,0.7149255,1.0,0.4931666544373655
Cancer Epithelial,Endothelial,YBX1,NOTCH1,1.024284,0.0,0.52058303,0.43749853879186945,0.6413406357872811,0.12438118,0.8811966,0.08803681850428542,0.49564213220409475
Myeloid,Cancer Epithelial,FN1,SDC1,0.9527454,0.0,0.30658644,0.21655344689977502,0.09914331942745519,0.06084561,0.8505709,0.47543255520544087,0.4963428434249939
Cancer Epithelial,Myeloid,SPP1,CD44,0.54485583,0.005,0.27998593,0.30654077643981464,-0.6454363494800403,0.042408425,0.8447109,1.0,0.49935095145626285
Myeloid,Cancer Epithelial,CALM1,KCNN4,0.62417495,0.004,0.30794922,0.4696891507778563,0.3379078341437436,0.08160322,0.85085255,0.35484620915362963,0.49935095145626285
Plasmablasts,Cancer Epithelial,TIMP1,CD63,0.8564563,1.0,0.559062,-0.4123513638254648,-2.225477594575442,0.0074293436,0.88487893,1.0,0.5013733602697239
PVL,Cancer Epithelial,THBS1,ITGA6,0.27022618,0.02,0.06004482,0.10746430966484599,0.24760706068636498,0.05444567,0.71583235,0.7030250955019436,0.5019935182264313
Cancer Epithelial,CAFs,ADAM17,ITGB1,0.6256062,0.0,0.23153162,0.16684411009375893,0.13607382526030215,0.048361503,0.8318358,0.42719746524437974,0.5023713518259411
Cancer Epithelial,Myeloid,CD99,CD81,0.5739519,0.888,0.31044856,-0.0023492384083843437,-0.5113253599047975,0.031099122,0.85136473,1.0,0.5054037436411905
Plasmablasts,Cancer Epithelial,COL3A1,DDR1,0.2469852,1.0,0.060245957,0.205748587901386,-1.481237149424787,0.032017633,0.7161724,1.0,0.5063991693474026
Endothelial,Cancer Epithelial,APP,NCSTN,0.5693652,0.0,0.31097758,0.535250360211586,0.902728588939431,0.15268849,0.85147244,0.02558061501191441,0.5084483136296183
CAFs,Cancer Epithelial,FN1,SDC2,1.3353661,0.0,0.5142576,0.31800537200903817,0.7878311315450972,0.047186743,0.8805552,0.25727225336079357,0.5090519464711999
Cancer Epithelial,Myeloid,S100A9,ITGB2,0.85346854,0.0,0.7281485,1.2129575866645372,1.9868523571028573,0.38668832,0.89766896,0.0028364973737889654,0.5109781747871217
Myeloid,Cancer Epithelial,TIMP1,CD63,0.85265243,1.0,0.5493687,-0.4147534941436358,-1.952375894553911,0.0073005296,0.88398504,1.0,0.5148385909146823
Cancer Epithelial,B-cells,VEGFA,ITGB1,0.24817726,0.98,0.060602218,-0.034325398967498366,-0.6290808256468643,0.016305583,0.7167712,1.0,0.5151949252956389
Endothelial,Cancer Epithelial,THBS1,SDC4,0.24749185,0.019,0.06075204,0.17206169221078046,0.06855820360106071,0.051837448,0.7170218,0.49545763184730884,0.5195850362242709
Cancer Epithelial,PVL,FN1,SDC2,0.8506769,0.167,0.6855535,0.17616631833581534,0.17728522149230708,0.06290434,0.89486706,0.7514196865079744,0.5206486064035397
B-cells,Cancer Epithelial,HLA-A,APLP2,0.53963906,0.804,0.27002576,-0.020689958302982314,-0.5852222089672252,0.015886419,0.8423203,1.0,0.5207488634146156
Cancer Epithelial,CAFs,LGALS1,ITGB1,0.66617304,1.0,0.31472787,-0.3473242594532028,-1.5885846588811108,0.00507548,0.8522288,1.0,0.5207488634146156
Cancer Epithelial,Plasmablasts,FN1,CD79A,0.85059625,0.027,0.6853848,0.7622705249934263,0.010096094699710068,0.06304898,0.89485544,0.5840366127977443,0.5225904663625234
CAFs,Cancer Epithelial,FN1,CD44,1.3331985,0.0,0.50358516,0.344221168323026,0.9291368660891406,0.037888832,0.87944794,0.430515488232116,0.5245349102174499
CAFs,Cancer Epithelial,C3,CD46,0.53720355,0.0,0.2577526,0.5090134179344465,1.5583177878242902,0.22196957,0.8392065,0.017688151342452645,0.5254123079700487
Myeloid,Cancer Epithelial,CLEC11A,ITGB1,0.878489,0.0,0.5023811,0.18730063170705316,-0.14171724624695348,0.04440983,0.879321,0.8615085517247298,0.5264819318670754
CAFs,Cancer Epithelial,VIM,CD44,0.87775826,0.086,0.31725875,0.041716599113466646,-0.2870119543908604,0.022607353,0.8527325,1.0,0.528536631287919
Cancer Epithelial,Endothelial,FAM3C,LAMP1,0.5355747,0.0,0.26865643,0.2716518104011158,0.3413985528953336,0.045929078,0.8419824,0.27944107095302756,0.5301035113359445
Cancer Epithelial,Endothelial,CXCL10,ACKR1,0.8305538,0.0,0.31973663,0.5098182129706084,0.4349689021515293,0.050965913,0.8532203,0.21100801361710386,0.534822555883529
Cancer Epithelial,Myeloid,COL4A2,CD44,0.5347382,0.074,0.26633146,0.22078421766879847,-0.1001509789165006,0.04199781,0.8414033,0.7727778283277769,0.5364016583951322
CAFs,Cancer Epithelial,TNC,SDC4,0.24854353,0.0,0.061225563,0.3352567084876166,0.8125791278511981,0.11784654,0.7178088,0.07336923017889775,0.5370937708181731
Endothelial,Cancer Epithelial,ARF6,SMAP1,0.25807953,0.075,0.061674595,0.11627111593987587,0.11033285388518918,0.037792046,0.7185483,0.6630474516953782,0.5414580718010921
Cancer Epithelial,CAFs,APP,LRP1,0.5324658,0.0,0.28292862,0.42948179859380964,0.9449712810329552,0.18599737,0.8453954,0.023075161651159058,0.5427494943512894
Cancer Epithelial,PVL,LGALS3,MCAM,0.5859898,0.0,0.32409185,0.35232636466404565,0.7892700777277968,0.11528988,0.8540654,0.05872593808004927,0.5475431834086111
Cancer Epithelial,Endothelial,COL1A1,CD36,0.5972542,0.978,0.22347398,0.051527080190412966,-1.248953443577304,0.02047565,0.82934374,1.0,0.5491473873864285
CAFs,Cancer Epithelial,CXCL12,ITGB1,0.8756048,0.0,0.49431977,0.38696631646448293,0.7170737657043069,0.14528842,0.87846005,0.06738315403654314,0.5500452519182221
Cancer Epithelial,PVL,MFGE8,PDGFRB,0.26136547,0.723,0.06195284,0.039093771514013886,-0.19272945716590928,0.040460683,0.7190032,1.0,0.5501711418978503
Cancer Epithelial,CAFs,VEGFA,ITGB1,0.62106884,0.0,0.2222263,0.24723429768991756,0.3257880389674192,0.059792027,0.8289472,0.2505538629836438,0.5539784454051229
PVL,Cancer Epithelial,CALM1,KCNN4,0.6507318,0.0,0.325925,0.4895058700241002,0.6544289094968796,0.086366594,0.8544166,0.08504009644091182,0.5572150735112067
PVL,Cancer Epithelial,CLEC11A,ITGB1,0.8741704,0.0,0.4903106,0.1829532376691059,0.006119534543212568,0.04334281,0.87802464,0.5882307547591902,0.5579802010147551
B-cells,Cancer Epithelial,FN1,SDC1,0.26418066,1.0,0.062263124,-0.18646374631566237,-1.5296140271601992,0.012356833,0.71950763,1.0,0.5588636015628439
Cancer Epithelial,B-cells,HMGB1,CXCR4,1.4938345,0.0,0.4871496,0.5547644260368232,0.4544795253611743,0.037987433,0.87767786,0.4288540700503356,0.5588636015628439
Plasmablasts,Cancer Epithelial,MMP7,SDC1,0.2653936,0.004,0.06269353,0.1720924432152309,-0.09320817015110666,0.03966898,0.72020227,0.7599572381648,0.5632021392979445
CAFs,Cancer Epithelial,COL6A1,SDC1,0.7109462,0.0,0.22078888,0.43624827619321405,1.0757159730596764,0.16157535,0.82848656,0.020418127155462925,0.5637257487938805
PVL,Cancer Epithelial,COL1A1,CD44,0.6411693,0.864,0.22046721,-0.031006591838457644,-0.7828460040199341,0.023119468,0.82838297,1.0,0.5653612153658885
T-cells,Cancer Epithelial,HMGB1,SDC1,1.0165291,0.0,0.32921878,0.25118112971951945,0.5594464168959292,0.046349254,0.85504085,0.27111345108350304,0.5653612153658885
Cancer Epithelial,B-cells,ADAM17,ITGB1,0.25271457,0.984,0.06313982,-0.11471558656365699,-0.8187950393539813,0.013188423,0.72091645,1.0,0.5675354752015402
T-cells,Cancer Epithelial,PKM,CD44,0.6393027,0.005,0.21970354,0.1469129927831287,0.3763953682484554,0.024130177,0.82813627,0.9976793198326692,0.5702869427505572
CAFs,Cancer Epithelial,INHBA,BAMBI,0.5223429,0.0,0.2689985,0.7179210424711049,1.4508726971127113,0.31331697,0.842067,0.017688151342452645,0.5702869427505572
PVL,Cancer Epithelial,MYL9,CD69,0.97143364,0.0,0.33010414,0.4265591467440026,0.9733064533076101,0.04248537,0.8552072,0.27157287251654477,0.5719352465092509
Endothelial,Cancer Epithelial,FAM3C,LAMP1,0.6298943,0.0,0.33059987,0.405934360125383,0.4666700195416754,0.056518823,0.8553001,0.1679734320174501,0.573586545244084
Cancer Epithelial,PVL,ADAM15,ITGB1,0.83495545,0.0,0.5112903,0.4023708546520033,0.8078185588071001,0.08605247,0.8802505,0.04274958574416116,0.5739683592416079
Endothelial,Cancer Epithelial,LAMA4,CD44,0.2573076,0.094,0.0634245,0.07014398961023437,-0.06363530878272478,0.034713425,0.72136873,0.9396150092807883,0.5761867872194071
Cancer Epithelial,Endothelial,ADAM15,ITGB1,0.61231196,0.004,0.3314655,0.23425918365420284,0.06494661250901279,0.055787142,0.85546184,0.502894014239262,0.5768988506210364
Cancer Epithelial,Endothelial,CALM1,INSR,0.83434796,0.0,0.6312797,0.3854429468889762,0.6557433256978158,0.08599391,0.8909236,0.08405840286588578,0.577989746671982
Cancer Epithelial,T-cells,LGALS1,PTPRC,0.6955308,0.999,0.33274916,0.19083464850833237,-0.3328318104647161,0.014252681,0.8557006,1.0,0.5785598640491472
Cancer Epithelial,PVL,APP,CD74,0.5215155,1.0,0.2717998,-0.22797464455279381,-1.7809252629661667,0.0081559075,0.8427547,1.0,0.5785598640491472
CAFs,Cancer Epithelial,MDK,SDC4,1.1816825,0.0,0.48137552,0.5004160634157622,0.9703350590740333,0.068781845,0.8770364,0.09059400364016544,0.5800040630274966
Cancer Epithelial,Plasmablasts,TIMP1,CD63,0.5688463,1.0,0.21846503,-0.5898022635737317,-2.7346925880838167,0.0029031693,0.8277335,1.0,0.5818912698539257
Cancer Epithelial,Endothelial,COL4A2,CD93,0.52081484,0.036,0.25534064,0.3256782747034521,0.20772162104200476,0.08443494,0.8385712,0.515735631902587,0.5835618477392897
Cancer Epithelial,T-cells,LGALS1,CD69,0.69756335,1.0,0.33399686,0.16636756166339878,-0.28808118156495777,0.012884369,0.8559315,1.0,0.5835618477392897
Cancer Epithelial,Endothelial,AGRN,ITGB1,0.5434542,0.025,0.21843082,0.24917911392845565,0.0979071094473648,0.079109624,0.8277224,0.48965318625546256,0.5835618477392897
Cancer Epithelial,CAFs,MMP7,CD151,0.849098,0.0,0.479027,0.7410758112149842,1.0361205282284718,0.07510152,0.8767724,0.06905459476878675,0.584039910512963
Cancer Epithelial,Plasmablasts,MYL9,CD69,0.27508318,0.988,0.06354373,-0.07076550990243949,-1.2044672969129788,0.008178265,0.72155744,1.0,0.5848175620219127
CAFs,Cancer Epithelial,MDK,ITGA6_ITGB1,1.1472728,0.0,0.33422348,0.37029018188624585,0.6550567350555622,0.050749507,0.85597336,0.21394714077672605,0.5852354395552242
Cancer Epithelial,PVL,TIMP1,CD63,1.099374,1.0,0.47802305,-0.2663958743002663,-1.388814094316844,0.0063524214,0.87665904,1.0,0.5901117363448469
Cancer Epithelial,PVL,AGRN,ITGB1,0.76609766,0.0,0.3369327,0.41729078492625604,0.8407790557454521,0.12202774,0.8564703,0.035595845539475035,0.5902757705354682
PVL,Cancer Epithelial,HMGB1,SDC1,0.69988483,0.776,0.21686397,0.04070205628664834,0.018519872380673263,0.030531317,0.8272085,1.0,0.5953449585983479
Cancer Epithelial,B-cells,FN1,CD79A,0.83062327,0.045,0.6436068,0.7054783894162989,-0.06878145296301885,0.059205793,0.89185977,0.7078444444189165,0.5962048414440162
Myeloid,Cancer Epithelial,CALM1,PTPRA,0.64087725,0.025,0.33834442,0.1952050286577158,0.06629227558861334,0.048550975,0.8567271,0.5010271243207797,0.5970409929701048
Endothelial,Cancer Epithelial,VIM,CD44,1.2665284,0.0,0.4763095,0.284569482751423,0.33153688226193384,0.033941053,0.8764648,0.5492854835827584,0.5982406009086276
Cancer Epithelial,B-cells,MIF,CD74_CXCR4,1.0642881,0.0,0.33845764,0.5581983686519507,0.4853889835449984,0.048351195,0.8567476,0.24288301944488822,0.6004429025642821
Endothelial,Cancer Epithelial,FN1,PLAUR,0.54570466,1.0,0.21560484,-0.26897662397410865,-1.5231435916431717,0.0070335227,0.8267919,1.0,0.605570050862706
CAFs,Cancer Epithelial,COL6A3,CD44,0.9320111,0.0,0.3394543,0.48484026859296053,1.2194822848558282,0.082148924,0.856928,0.048298614270486054,0.6072856254738758
Endothelial,Cancer Epithelial,COL4A1,CD47,0.82468086,0.0,0.67757976,0.4188265284300575,0.7124940101586598,0.09406749,0.8943154,0.06905459476878675,0.6084546672371449
PVL,Cancer Epithelial,COL3A1,DDR1,0.7569368,0.003,0.34018457,0.4894113006178867,0.17016430932045623,0.18079063,0.85705966,0.39662419264456306,0.6090042518761767
Cancer Epithelial,Myeloid,S100A8,CD69,0.9864244,0.0,0.4717785,0.7212396044070615,1.6478276905412315,0.049290035,0.87594634,0.22130567232607803,0.6105044475901866
Endothelial,Cancer Epithelial,HBEGF,CD9,1.1561251,0.0,0.4682545,0.7388641212308056,1.0561036647506215,0.18022682,0.8755384,0.017688151342452645,0.6146109485127675
Cancer Epithelial,CAFs,COL1A1,SDC1,0.25603104,1.0,0.06498568,-0.060696802334762434,-1.3404127407559745,0.01797585,0.7238059,1.0,0.6148639243874522
Cancer Epithelial,Endothelial,LGALS3,MCAM,0.513881,0.0,0.21955064,0.2426390936227525,0.27508191781159225,0.07810122,0.8280867,0.2966703555048979,0.6159115557209938
Cancer Epithelial,Endothelial,TIMP1,CD63,1.0749809,1.0,0.4660888,-0.2812657457244455,-1.673674954158165,0.0061938274,0.8752856,1.0,0.6187267733281618
Endothelial,Cancer Epithelial,SERPINE1,PLAUR,0.2555322,0.936,0.06528456,0.02246448238884116,-0.42312064244075803,0.036299776,0.7242643,1.0,0.6234025836697812
CAFs,Cancer Epithelial,APOE,LSR,0.5117756,0.0,0.25202182,0.4547136801201412,0.23037162484898766,0.07827397,0.83768374,0.339036022136354,0.6263703209048644
PVL,Cancer Epithelial,COL6A3,SDC1,0.2733152,0.819,0.06550433,0.02564132803199759,-0.2076923888867886,0.041814655,0.7245998,1.0,0.6276642893369131
CAFs,Cancer Epithelial,THBS2,CD47,0.81780124,0.0,0.6669232,0.5857505434424953,1.3968766210041679,0.17326435,0.8935639,0.017688151342452645,0.6290560449429966
Cancer Epithelial,Endothelial,LGALS9,CD47,0.28058738,0.658,0.06582939,-0.023119760969568588,-0.24265893047936066,0.014385353,0.7250934,1.0,0.6319208972398157
Cancer Epithelial,Myeloid,SLPI,PLSCR1,0.8160658,0.0,0.6146499,0.943685344869806,1.3835518484009295,0.1586512,0.8896197,0.017688151342452645,0.6332037317930989
Cancer Epithelial,CAFs,LGALS3BP,ITGB1,0.68187153,0.86,0.34692296,-0.06460472720175481,-0.5009932143428296,0.016404832,0.85825694,1.0,0.636946629873283
T-cells,Cancer Epithelial,CALM1,KCNN4,0.6837143,0.003,0.3482501,0.5141172665433448,0.7131860356468593,0.092282504,0.858489,0.33666251321920176,0.6404983424136177
Endothelial,Cancer Epithelial,THBS1,CD47,0.5221749,0.0,0.20900203,0.18757686725130535,-0.025579270502916196,0.043466892,0.8245535,0.629211178022335,0.6404983424136177
CAFs,Cancer Epithelial,COL4A1,CD47,0.52205473,0.009,0.20881595,0.12737747071331873,-0.2692094002423383,0.028989643,0.82448906,1.0,0.6422792351927433
Myeloid,Cancer Epithelial,PKM,CD44,0.60938203,0.004,0.20746262,0.12228392508485356,-0.026263988821755235,0.022785751,0.8240181,1.0,0.6458507254160445
Cancer Epithelial,Endothelial,ADAM17,NOTCH1,0.26152223,0.0,0.067117214,0.3452174210741307,0.5907246793928507,0.16951944,0.7270202,0.11189357110536377,0.6488962982262798
Cancer Epithelial,T-cells,ADAM15,ITGB1,0.50579536,0.46,0.24543414,0.15383161513849808,0.15224067061826507,0.04130767,0.8358749,1.0,0.651232844117662
Endothelial,Cancer Epithelial,COL4A2,CD44,0.60518235,0.0,0.20574448,0.12827894192470535,0.03819283691237679,0.032443848,0.8234143,0.6247995478524125,0.651232844117662
Myeloid,Cancer Epithelial,FN1,CD44,0.9663161,0.0,0.3534889,0.12948452798803897,-0.17058692418410376,0.026595863,0.85939354,0.8955954853377756,0.6530333764431477
PVL,Cancer Epithelial,LAMA4,CD44,0.2664357,0.047,0.06715893,0.08252855608176805,0.1546885930925409,0.036757354,0.72708184,0.8587125830702699,0.6531274062755512
CAFs,Cancer Epithelial,VCAN,CD44,0.6043173,0.0,0.20539059,0.3286584850488874,0.7252178154270392,0.06358854,0.8232891,0.10949057522902844,0.6548374189370563
Cancer Epithelial,B-cells,S100A8,CD69,0.97965014,0.0,0.4488218,0.712340025496007,1.2579848912335128,0.046891585,0.87321055,0.22130567232607803,0.6561749555241051
Myeloid,Cancer Epithelial,MDK,SDC1,0.2783914,1.0,0.06730552,-0.16182377817208837,-0.9844896989483194,0.012566813,0.72729814,1.0,0.6573534918638199
Myeloid,Cancer Epithelial,FN1,PLAUR,0.9935474,0.227,0.44760427,-0.006854117991164532,-0.7666824833340431,0.014601875,0.8730601,1.0,0.6603802283673539
CAFs,Cancer Epithelial,MDK,SDC2,1.1735646,0.0,0.44665965,0.29608612727445893,0.3668548457153311,0.038557976,0.872943,0.41735839681197145,0.6624860647950265
PVL,Cancer Epithelial,CALM1,PTPRA,0.6674341,0.001,0.35809442,0.21502174790395973,0.38281335094174934,0.051385015,0.8601738,0.2949320034015847,0.6639070917763726
Myeloid,Cancer Epithelial,MDK,NCL,0.5021198,0.995,0.23705626,0.14731236654334962,-0.5146553894292909,0.018281376,0.8334786,1.0,0.6693889236593319
Myeloid,Cancer Epithelial,CXCL10,SDC4,0.91048086,0.0,0.35926577,0.6182030155520242,1.4369625274639461,0.12581967,0.8603701,0.017688151342452645,0.6693889236593319
PVL,Cancer Epithelial,COL4A1,CD47,0.8035893,0.0,0.64490914,0.3985139111663022,0.8440488171909468,0.08953188,0.8919572,0.03689601728811354,0.6709309785616735
PVL,Cancer Epithelial,THBS1,SDC1,0.2807797,0.0,0.06815296,0.14654497027878294,0.3704411495017363,0.07598925,0.72853714,0.4917705212971792,0.6742069874548546
Myeloid,Cancer Epithelial,FN1,SDC2,0.9684837,0.002,0.36098033,0.10326873167405116,-0.3118926587281472,0.03312248,0.86065584,1.0,0.6767447253198919
Myeloid,Cancer Epithelial,LUM,ITGB1,0.8567275,1.0,0.44155788,-0.06857502445431252,-2.0429454450074283,0.010364737,0.87230456,1.0,0.6772872537822145
CAFs,Cancer Epithelial,PTN,SDC2,0.2698781,0.027,0.06911481,0.1415076166171791,0.12601916826261372,0.0615542,0.72992074,0.523775955064711,0.6826033382192849
B-cells,Cancer Epithelial,MIF,CD44_CD74,0.2714131,0.973,0.06919525,-0.17035571595569038,-0.9261897306685498,0.0067658396,0.73003536,1.0,0.6867939532134746
Cancer Epithelial,Plasmablasts,MMP7,CD151,0.7430841,0.0,0.19470339,0.6285884805278769,0.42679596099867856,0.030525463,0.8193684,0.7006246705626734,0.6878791600939222
CAFs,Cancer Epithelial,COL6A1,ITGA6,0.7003927,0.0,0.1945217,0.3971676155792771,0.9528818842443051,0.115767404,0.81929934,0.037425933653202695,0.6897467911356703
Myeloid,Cancer Epithelial,APOE,SDC2,1.1552316,0.0,0.43900046,0.5218814958342674,1.2487444774791188,0.07812521,0.8719807,0.05910028550471508,0.6900566569752248
PVL,Cancer Epithelial,FN1,SDC2,0.5690732,1.0,0.19411343,-0.13050631669422047,-0.8225332439072179,0.017811269,0.8191438,1.0,0.6934919864972021
CAFs,Cancer Epithelial,FN1,SDC1,1.3196279,0.0,0.4367673,0.43129008723476203,1.1988671097006995,0.08668149,0.87169576,0.040161645303314314,0.694329973683453
Cancer Epithelial,T-cells,FAM3C,CLEC2D,0.796053,0.0,0.6179172,0.8503259555952443,1.5464065578183623,0.16495328,0.88987976,0.017688151342452645,0.694329973683453
Cancer Epithelial,CAFs,FN1,SDC2,0.697756,0.813,0.36568487,-0.010480540401750733,-0.5569798500500458,0.03355415,0.86143047,1.0,0.6972507145178792
Cancer Epithelial,Endothelial,CCL2,ACKR1,0.8466207,0.0,0.3659738,0.44688231239105314,0.5921440529352742,0.0474653,0.8614776,0.2561432490143748,0.6991352624767334
Plasmablasts,Cancer Epithelial,FN1,ITGA6,0.3007205,1.0,0.069577836,-0.19798061754314797,-1.6426185932067199,0.011229684,0.73057836,1.0,0.6993353677133104
Cancer Epithelial,Endothelial,VEGFA,NRP1,0.26908103,0.0,0.06966263,0.3616520890380483,0.6282718278692481,0.16019656,0.7306982,0.0948008697561312,0.7035057809316188
Plasmablasts,Cancer Epithelial,MDK,NCL,0.6071986,0.732,0.36837783,0.21556127962057167,-0.5956275365988684,0.028408675,0.8618678,1.0,0.7067070024178222
Plasmablasts,Cancer Epithelial,MMP7,CD151,0.4922221,0.001,0.22300334,0.21079265001634673,-0.15342802173089887,0.03496231,0.8291945,0.8727607593250724,0.7124216470067761
PVL,Cancer Epithelial,COL1A1,SDC1,0.6275986,0.642,0.19121467,0.05606232707327839,-0.5131157604083751,0.052892365,0.81802654,1.0,0.7124216470067761
Plasmablasts,Cancer Epithelial,LMAN1,MCFD2,0.49132797,0.0,0.23017046,0.3600107878847154,0.19168753013506468,0.07103922,0.831423,0.37068756226865546,0.7181668089209994
PVL,Cancer Epithelial,FN1,CD44,0.5669056,1.0,0.19008498,-0.10429052038023263,-0.6812275093631746,0.014301649,0.8175852,1.0,0.7200888423511455
Cancer Epithelial,PVL,LGALS3BP,ITGB1,0.8021966,0.201,0.42834038,0.026249221681473103,-0.07094297437241581,0.020254789,0.87060237,1.0,0.7223057973898638
Cancer Epithelial,Endothelial,CALR,SCARF1,0.50337833,0.0,0.18906954,0.48092237462633314,0.7235882921526844,0.20952308,0.81718534,0.06533673874575427,0.7239429830637683
Cancer Epithelial,T-cells,TIMP1,CD63,0.5087066,1.0,0.189042,-0.6264630242083031,-2.1968954923252673,0.0025121686,0.8171745,1.0,0.7258753040058867
Endothelial,Cancer Epithelial,CALM1,PTPRA,0.7818613,0.0,0.44319245,0.3004070360524098,0.3865495158364987,0.06359622,0.8725102,0.21791361027185116,0.7288100013455499
Cancer Epithelial,CAFs,MMP7,SDC1,0.8103995,0.0,0.37523964,0.9560837578656189,1.7037841779644007,0.23743078,0.8629627,0.015112907225994046,0.7297500460910656
B-cells,Cancer Epithelial,FAM3C,LAMP1,0.54951656,0.004,0.18798977,0.3119872892751502,0.023752329911724823,0.032138433,0.81675714,0.629211178022335,0.7336385526846226
Cancer Epithelial,Endothelial,CALM3,INSR,0.7811252,0.0,0.5695756,0.5712108836380088,1.083686146314351,0.1293706,0.88582444,0.017688151342452645,0.7353319692039602
Cancer Epithelial,CAFs,PTN,SDC2,0.27609015,0.008,0.070814885,0.11857671433277789,0.07803202342375654,0.0630683,0.7323093,0.6516207919254808,0.7408127156704458
CAFs,Cancer Epithelial,MDK,SDC1,1.1578263,0.0,0.37935528,0.4093708425001828,0.7778908238709334,0.070830554,0.86360645,0.08260182963133315,0.7414569570167706
PVL,Cancer Epithelial,MDK,NCL,0.61630106,0.788,0.37975353,0.22147332659290406,-0.05863125089877763,0.029285949,0.8636682,1.0,0.7434203048703862
Endothelial,Cancer Epithelial,APP,TSPAN12,0.4839658,0.0,0.194108,0.5136346746500844,0.9219079790817524,0.17452413,0.8191417,0.023075161651159058,0.7453869035653116
CAFs,Cancer Epithelial,ANGPTL4,SDC1,0.28851125,0.0,0.07089635,0.14197842041758044,0.21387497314750575,0.06783971,0.73242193,0.5199317441091291,0.7490478924788706
Plasmablasts,Cancer Epithelial,HLA-A,APLP2,0.4829198,0.995,0.19229901,-0.06160675988178668,-1.109182533268244,0.011313524,0.8184471,1.0,0.753288620961114
Cancer Epithelial,Endothelial,ADAM17,ITGB1,0.5232878,0.227,0.18532628,0.08958638797918643,-0.17674788106737133,0.0387103,0.81568694,0.9071794317228171,0.753288620961114
Myeloid,Cancer Epithelial,SPP1,CD44,1.0346124,0.0,0.38142976,0.5390304471039397,2.084368661519731,0.057773743,0.8639273,0.14836112926885728,0.753288620961114
Cancer Epithelial,Endothelial,NAMPT,INSR,0.48264462,0.0,0.22353034,0.40481973360617723,0.8689709976927033,0.095227346,0.82936156,0.03358742320157812,0.7572602278592186
Endothelial,Cancer Epithelial,TGM2,SDC4,0.5226842,0.0,0.18465863,0.6374342285877422,1.383225704561515,0.21015213,0.8154155,0.017688151342452645,0.7572602278592186
CAFs,Cancer Epithelial,FN1,ITGA6,1.3090744,0.0,0.38480523,0.3922094266208251,1.0760330208853284,0.062106576,0.8644444,0.1193403010588866,0.7572630323844343
T-cells,Cancer Epithelial,CALM1,PTPRA,0.70041656,0.009,0.38262305,0.2396331444232043,0.4415704770917291,0.054904766,0.86411077,0.4155720139541606,0.7592511482200923
Cancer Epithelial,CAFs,FAM3C,LAMP1,0.48137736,0.0,0.19598629,0.20294763078281275,0.2242256755035834,0.033505503,0.81985396,0.5715886768510073,0.7612457701018407
B-cells,Cancer Epithelial,FN1,CD44,0.27775136,1.0,0.0717883,-0.2735326652273984,-1.7993442707717582,0.0054012216,0.7336453,1.0,0.7613631237085257
CAFs,Cancer Epithelial,HMGB1,SDC1,0.60543,0.998,0.18334858,-0.022083863195476408,-0.30492581468003815,0.025812835,0.81487906,1.0,0.7632436669109497
PVL,Cancer Epithelial,TFPI,SDC4,0.5181631,0.0,0.18262297,0.3873018861844248,0.8877289879167057,0.10649977,0.81457984,0.041584418581094115,0.7652452720939543
Cancer Epithelial,CAFs,LGALS9,CD47,0.29921997,0.487,0.07205304,-0.003471934844984665,-0.15543578625159432,0.015745375,0.7340048,1.0,0.7654581597926051
Cancer Epithelial,Plasmablasts,MIF,CD74_CXCR4,1.0834913,0.0,0.41356137,0.5966895422914211,0.533935809918533,0.059080325,0.8686117,0.1410179604996622,0.7682027389163211
Plasmablasts,Cancer Epithelial,MMP7,CD44,0.27896434,0.069,0.07228456,0.08502352430349487,-0.3629384137626656,0.017339474,0.73431784,1.0,0.7736332991088501
Cancer Epithelial,T-cells,LGALS9,PTPRC,0.6255728,0.0,0.18106121,0.5767435664757743,1.164882801584583,0.059714917,0.8139303,0.13604239409747024,0.7773277806169958
Myeloid,Cancer Epithelial,LGALS9,CD47,0.63608974,0.0,0.3854546,0.42342618448539937,0.6026450029616546,0.084231384,0.86454314,0.10595891300049201,0.7773277806169958
CAFs,Cancer Epithelial,PTN,NCL,0.4778682,0.0,0.20674798,0.563928476558341,1.0068894559372445,0.16449314,0.8237678,0.017688151342452645,0.7854532520152219
Cancer Epithelial,T-cells,MYL9,CD69,0.6265807,0.002,0.1795101,0.39101269328290017,0.33465193052423814,0.023103477,0.8132779,1.0,0.7854532520152219
Myeloid,Cancer Epithelial,VIM,CD44,1.0999894,0.0,0.40817636,0.18053772098612525,0.09620452157919784,0.029085997,0.867862,0.7523418603321607,0.7881279232096152
B-cells,Cancer Epithelial,FN1,SDC2,0.2799189,1.0,0.073309705,-0.29974846154138624,-1.9406500053158016,0.00672668,0.7356893,1.0,0.7899237110874355
Endothelial,Cancer Epithelial,COL4A1,CD44,0.5397124,0.0,0.17895989,0.22519721356221722,0.3444570054479779,0.05049592,0.8130447,0.2527785229314154,0.7915840997477196
Cancer Epithelial,PVL,LGALS1,ITGB1,0.7864981,1.0,0.3885896,-0.2564703105699748,-1.158534418910697,0.006266616,0.8650167,1.0,0.7915840997477196
Cancer Epithelial,PVL,COL1A1,ITGA1_ITGB1,0.27527475,1.0,0.07392382,-0.06927162793889177,-1.2541194467554315,0.02306589,0.73649955,1.0,0.7939838869727345
Myeloid,Cancer Epithelial,LGALS1,CD69,1.1754209,0.009,0.4068526,0.09254135518438693,-0.36753645643707605,0.015694875,0.8676756,1.0,0.7948023543445595
Endothelial,Cancer Epithelial,COL4A2,SDC1,0.5916116,0.0,0.17844541,0.2153478608364414,0.30792308052393574,0.07422453,0.81282586,0.2758489453169584,0.8018732281643403
Cancer Epithelial,B-cells,AGRN,ITGB1,0.27288097,0.962,0.07441839,0.04487713938561222,-0.5441400488392453,0.026952289,0.7371461,1.0,0.8061345179922773
Cancer Epithelial,T-cells,LGALS3BP,ITGB1,0.4730366,1.0,0.20561576,-0.22229001783203206,-0.7265208625612508,0.009722884,0.82336885,1.0,0.8080893378765766
Cancer Epithelial,Endothelial,FN1,ITGA6,0.7573962,0.238,0.4904359,0.28598197635352085,0.17665585411549978,0.079155095,0.87803835,0.8509586338483297,0.808199522077134
PVL,Cancer Epithelial,LGALS1,CD69,1.140011,0.006,0.39352992,0.07279621733057051,-0.25805002435708696,0.015180935,0.8657526,1.0,0.8101683414223328
Cancer Epithelial,T-cells,LGALS9,CD47,0.3064144,0.411,0.07445611,0.004114542652978101,0.0759407538714097,0.016270507,0.7371952,1.0,0.810174754946732
Endothelial,Cancer Epithelial,CALM1,KCNN4,0.765159,0.0,0.4033782,0.5748911581725502,0.658165074391629,0.106890865,0.8671825,0.08308523334317743,0.810438538385367
Cancer Epithelial,CAFs,LUM,ITGB1,0.75737274,1.0,0.5017638,-0.1670427296420111,-1.8363606105645298,0.011777958,0.8792557,1.0,0.810438538385367
Cancer Epithelial,Endothelial,VEGFA,ITGB1,0.5187504,0.101,0.17787798,0.16997657557534507,0.012966332639745726,0.047859702,0.8125834,0.6425950023982532,0.8122511322467434
CAFs,Cancer Epithelial,PTN,SDC4,0.27799594,0.0,0.07448664,0.3458375527584823,0.7294993816213159,0.10980378,0.7372349,0.064131481517771,0.8142100827972643
CAFs,Cancer Epithelial,TIMP3,DDR1,0.86750805,0.0,0.4008828,0.7626442592670165,1.510278928336486,0.35772815,0.86682475,0.017688151342452645,0.8171660510209418
PVL,Cancer Epithelial,TIMP3,CD44,0.5336454,0.036,0.1764778,0.06739903087240094,-0.1720010301013401,0.03148354,0.8119809,0.9486100629438105,0.8185206907859467
CAFs,Cancer Epithelial,CCL5,SDC4,0.27845925,0.006,0.07469526,0.18860319962528813,0.23255215243519692,0.03147833,0.7375057,0.6722964482705528,0.8222658059432968
Endothelial,Cancer Epithelial,MDK,SDC4,0.4990245,0.998,0.17400573,0.057028419115827816,-0.3457090164238116,0.024862992,0.81090176,1.0,0.8332747927691162
Endothelial,Cancer Epithelial,LGALS9,CD44,0.28520522,0.01,0.074837774,0.13171490137201258,0.10085707302765295,0.03323862,0.73769015,0.5882307547591902,0.8343122679194135
CAFs,Cancer Epithelial,POSTN,PTK7,1.235872,0.0,0.3979547,0.6370622315961517,1.9071175401216172,0.20107713,0.866401,0.017688151342452645,0.8351819880585307
Endothelial,Cancer Epithelial,FN1,SDC2,0.52064097,1.0,0.17387928,-0.15885377430889297,-1.0683537670372758,0.015954645,0.810846,1.0,0.8375225428712414
B-cells,Cancer Epithelial,COL1A1,DDR1,0.2742032,0.991,0.075187325,0.22646719347186656,-1.5459824572433027,0.039438535,0.73814076,1.0,0.83831782488037
Cancer Epithelial,B-cells,TIMP1,CD63,0.47711262,1.0,0.17358479,-0.6457225726085521,-2.8718050615689528,0.0023067584,0.810716,1.0,0.8417847042181804
Cancer Epithelial,Myeloid,VEGFA,ITGB1,0.2822435,1.0,0.075367704,-0.00860296336678043,-0.5198003193990082,0.020278372,0.73837227,1.0,0.8423184936254452
Endothelial,Cancer Epithelial,LGALS1,CD69,0.554844,1.0,0.17336588,-0.25350302995758606,-1.2291125042725701,0.006687817,0.8106191,1.0,0.8439213118891961
PVL,Cancer Epithelial,COL6A3,CD44,0.2868859,0.95,0.07552536,-0.061427590879738446,-0.47742263249834754,0.018277356,0.738574,1.0,0.8542907700472394
Cancer Epithelial,Endothelial,LUM,ITGB1,0.65505433,1.0,0.40162992,-0.2443004517565836,-2.1491823168922033,0.009427504,0.86693215,1.0,0.8546578997776302
Cancer Epithelial,Myeloid,ANXA1,FPR1,0.462817,0.653,0.17213802,0.31380719106635224,0.001726342444155926,0.10806648,0.81007296,1.0,0.8589781831932279
B-cells,Cancer Epithelial,MDK,NCL,0.63660955,0.546,0.40513396,0.23466370207268664,-0.17224142458242908,0.031243242,0.8674324,1.0,0.8676619097271114
CAFs,Cancer Epithelial,HLA-A,APLP2,0.7371125,0.058,0.54063874,0.12176586508726653,-0.15960780388373408,0.031807385,0.8831611,0.889845292132488,0.873818889439829
PVL,Cancer Epithelial,COL4A1,CD44,0.51862085,0.0,0.17033106,0.20488459629846187,0.476011812480265,0.04806118,0.80925983,0.29793076947426084,0.878598733266977
Endothelial,Cancer Epithelial,FN1,CD44,0.5184734,1.0,0.17027076,-0.13263797799490515,-0.9270480324932324,0.012810863,0.80923253,1.0,0.8807969261475193
Endothelial,Cancer Epithelial,CXCL10,SDC4,0.28348398,0.441,0.07695765,0.12684700613262234,-0.31421966635511567,0.026951594,0.7403837,1.0,0.8860002731445895
Endothelial,Cancer Epithelial,VCAN,CD44,0.29114345,0.431,0.07726718,0.004331644363806783,-0.20736091621497016,0.023921771,0.74076927,1.0,0.8899418210185751
CAFs,Cancer Epithelial,INHBA,ACTR2,0.7312106,0.0,0.4613012,0.6060643294322638,1.2337556939665366,0.21579175,0.874721,0.017688151342452645,0.8921605186838886
Myeloid,Cancer Epithelial,LGALS9,SLC1A5,0.32735813,0.0,0.0781517,0.4131749526024086,0.6009371570036424,0.15622084,0.7418607,0.10712649331301338,0.8938785194740784
CAFs,Cancer Epithelial,THBS1,CD47,0.65277046,0.0,0.41129282,0.33733425542764317,0.6213619596616643,0.08553802,0.8682975,0.09641561052190692,0.8940640795738832
Cancer Epithelial,T-cells,LGALS1,ITGB1,0.4573381,1.0,0.18653423,-0.50500955008348,-1.814112307099532,0.0030081565,0.81617475,1.0,0.8985158095437911
Myeloid,Cancer Epithelial,MIF,CD44_CD74,0.51456153,0.264,0.16867036,0.027087508787812374,-0.25063833083576265,0.016492413,0.8085025,1.0,0.9029822924307905
Cancer Epithelial,CAFs,ADAM15,ITGB1,0.71463037,0.0,0.4141061,0.31151690576877533,0.37776831883668627,0.06969593,0.8686868,0.2219349780316625,0.9029822924307905
Cancer Epithelial,Endothelial,FAM3C,LIFR,0.4608158,0.0,0.16841643,0.4302123906871571,0.6418105947338734,0.1745532,0.8083858,0.08753194916144395,0.905221194509825
Cancer Epithelial,Endothelial,CD99,CD81,0.6474623,0.58,0.41508204,0.09236508313567786,-0.1302260475440562,0.04158076,0.86882097,1.0,0.905221194509825
Cancer Epithelial,Myeloid,ADAM17,ITGB1,0.2867808,1.0,0.07852358,-0.08899315096293905,-0.7095145331061252,0.016401729,0.742315,1.0,0.9056591247025367
Plasmablasts,Cancer Epithelial,FN1,SDC1,0.31127402,1.0,0.078973256,-0.15889995692921102,-1.5197845043913487,0.015673151,0.74286073,1.0,0.9134884754857473
Myeloid,Cancer Epithelial,MDK,SDC2,0.29412967,1.0,0.079246715,-0.27510849339781224,-1.3955256771039217,0.006840987,0.7431907,1.0,0.9173957704597439
Cancer Epithelial,CAFs,CALR,LRP1,0.65688664,0.0,0.42147884,0.5047050323422123,1.0647860236030182,0.18931599,0.86969,0.017688151342452645,0.9187316359669331
CAFs,Cancer Epithelial,CXCL12,SDC4,0.28942347,0.0,0.07963194,0.3698028110048301,0.9380124922166201,0.16899195,0.74365324,0.04927349250024212,0.9251957728055913
Cancer Epithelial,Endothelial,LGALS3,ENG,0.72076195,0.0,0.51948076,0.5249944488669674,0.9787238756782257,0.14277902,0.88108563,0.017688151342452645,0.9268122812144206
PVL,Cancer Epithelial,FN1,SDC1,0.5533349,1.0,0.16486369,-0.017221601468496606,-0.41149726575161555,0.032719094,0.80672914,1.0,0.9278128699640599
CAFs,Cancer Epithelial,MIF,CD44_CD74,0.50384325,0.274,0.16428536,0.018384042850457492,-0.13646162485124352,0.016063653,0.8064551,1.0,0.9346630508711726
CAFs,Cancer Epithelial,FAM3C,LAMP1,0.6830474,0.0,0.4249066,0.46806064887104165,0.8149307707902965,0.07264136,0.8701483,0.07605319469294981,0.9346630508711726
B-cells,Cancer Epithelial,SPP1,CD44,0.29976845,0.636,0.08079577,-0.03182933335060847,-1.6597773752076923,0.012237834,0.74503374,1.0,0.9368592476064461
Cancer Epithelial,PVL,S100A9,CD36,0.7151288,0.0,0.49647278,0.7104257083227354,1.6203108105457629,0.16218236,0.87869185,0.017688151342452645,0.9430950042275663
Cancer Epithelial,CAFs,APP,CD74,0.67286146,1.0,0.42561302,-0.15668935140373585,-1.6225528463902894,0.012771388,0.8702421,1.0,0.9438487946513388
Cancer Epithelial,B-cells,LGALS1,CD69,0.28590417,1.0,0.08129928,-0.37444773336022147,-2.0448099424486235,0.003136227,0.74562335,1.0,0.9523424048080138
Cancer Epithelial,Plasmablasts,FN1,PLAUR,0.6008536,1.0,0.16299163,-0.2498991774271595,-1.7638575561816476,0.005317159,0.80583733,1.0,0.9530945263041259
CAFs,Cancer Epithelial,TFPI,SDC4,0.29421312,0.025,0.08178849,0.16654890232563047,0.18635647142181458,0.047696386,0.7461919,0.48965318625546256,0.9600548493615317
Plasmablasts,Cancer Epithelial,S100A8,CD69,0.31315535,0.413,0.08243261,0.01058523083756038,-0.8593169998587551,0.008612317,0.746934,1.0,0.9639038246971612
Endothelial,Cancer Epithelial,MDK,SDC2,0.49090666,1.0,0.16145678,-0.14730151702547542,-0.9491892297825137,0.013937786,0.80509603,1.0,0.9647364721492466
B-cells,Cancer Epithelial,HMGB1,SDC1,0.54276234,0.917,0.16111222,-0.06374023404244594,-0.5952494345925685,0.022682274,0.8049284,1.0,0.9670762803337452
Endothelial,Cancer Epithelial,TIMP3,DDR1,0.44087535,0.016,0.16668223,0.4433605480479585,-0.06703232870805487,0.14873904,0.807583,0.6982303979262069,0.9694196160644413
B-cells,Cancer Epithelial,APOE,LSR,0.30645135,0.575,0.08270537,0.30604936611618927,-0.9910235828033617,0.025686976,0.74724615,1.0,0.9715871931012178
B-cells,Cancer Epithelial,MMP7,CD151,0.44213796,0.045,0.15978995,0.1422725130683432,-0.19281765576662524,0.025051758,0.8042806,0.9486100629438105,0.971766987203837
CAFs,Cancer Epithelial,THBS1,ITGA6,0.3436778,0.0,0.083006956,0.19169319885760194,0.40022110974717007,0.07526659,0.74758965,0.3294039558199363,0.9754215924013738
CAFs,Cancer Epithelial,PKM,CD44,0.48895234,0.256,0.1581933,0.02315243248434938,-0.15872494600924675,0.017374469,0.80348897,1.0,0.981193855546953
CAFs,Cancer Epithelial,ANGPTL4,SDC2,0.30424953,0.213,0.083474614,0.028693705191856583,-0.19716100500809663,0.036929853,0.7481194,1.0,0.983075939698634
Cancer Epithelial,T-cells,AGRN,ITGB1,0.4369376,0.658,0.16173743,0.1687515454127509,0.18520116755661709,0.058576837,0.8052323,1.0,0.9978373463717369
Cancer Epithelial,Myeloid,COL1A1,CD44,0.45351094,0.999,0.15670939,0.07443423520009546,-1.262704746448208,0.016433455,0.80274385,1.0,0.9978373463717369
Cancer Epithelial,Endothelial,PTN,PTPRB,0.30914557,0.0,0.084204406,0.40739817605274253,0.7633334090477841,0.20754364,0.7489386,0.04993156008521786,0.9983267590764238
PVL,Cancer Epithelial,MDK,SDC1,0.39257264,1.0,0.107820444,-0.08766281812253393,-0.5284655604178061,0.020131476,0.77145934,1.0,1.0
Myeloid,Cancer Epithelial,CXCL8,SDC1,0.33392105,0.0,0.087009095,0.5514895924356586,1.0550617853139117,0.22999373,0.7520065,0.017688151342452645,1.0
Myeloid,Cancer Epithelial,CXCL8,SDC2,0.34965932,0.0,0.10244606,0.43820487720993484,0.6440258071583094,0.12520152,0.7669206,0.08652872800745334,1.0
Cancer Epithelial,T-cells,VEGFA,ITGB1,0.41223386,0.807,0.13171002,0.0895490070596403,0.10026039074899801,0.03543779,0.7886217,1.0,1.0
B-cells,Cancer Epithelial,MDK,ITGA6_ITGB1,0.40232766,0.965,0.10134183,-0.1135531032566883,-0.7649098229168289,0.01538805,0.7659506,1.0,1.0
Cancer Epithelial,T-cells,ADAM17,ITGB1,0.41677117,0.853,0.13722512,0.009158819463481682,-0.08945382295811904,0.028663097,0.79202044,1.0,1.0
B-cells,Cancer Epithelial,LMAN1,MCFD2,0.34728423,0.059,0.11915783,0.1681537573933718,-0.03382367480889992,0.036776565,0.7801534,0.6493533011054127,1.0
PVL,Cancer Epithelial,MIF,CD44_CD74,0.42021975,0.917,0.13007393,-0.04952061956657145,-0.19569877293401444,0.012718495,0.787578,1.0,1.0
PVL,Cancer Epithelial,MDK,SDC2,0.40831095,1.0,0.1269497,-0.2009475333482578,-0.9395015385734085,0.010958957,0.7855372,1.0,1.0
Myeloid,Cancer Epithelial,CCL5,SDC4,0.3800527,0.0,0.12043814,0.29450271450547094,0.25110048769918014,0.050755452,0.78106856,0.31864881902803927,1.0
Myeloid,Cancer Epithelial,CCL5,SDC1,0.35619652,0.0,0.09491311,0.20345749358989157,0.05865625249608036,0.052267235,0.7600251,0.5104137943464272,1.0
Myeloid,Cancer Epithelial,ARF6,SMAP1,0.39304638,0.0,0.11238497,0.2663426808267846,0.31489680162593114,0.06886559,0.7750939,0.2629733612000946,1.0
Cancer Epithelial,Plasmablasts,LGALS1,CD69,0.34606582,1.0,0.11822959,-0.29541064152194085,-1.8272004090021747,0.004560862,0.779482,1.0,1.0
Myeloid,Cancer Epithelial,LGALS9,CD44,0.35112125,0.0,0.10180487,0.2297968696175591,0.23460799825097273,0.045215845,0.76635903,0.3362627358986029,1.0
PVL,Cancer Epithelial,COL4A1,SDC1,0.5050501,0.0,0.1477308,0.2919535152101979,0.745742056091824,0.10995363,0.7980308,0.1193403010588866,1.0
PVL,Cancer Epithelial,COL5A2,DDR1,0.34450832,0.0,0.11378141,0.5164716079099624,0.5905257195502944,0.22683302,0.7761684,0.11250045010006922,1.0
PVL,Cancer Epithelial,COL6A1,CD44,0.4158489,0.028,0.12828577,0.07385451979890502,0.058445803279304764,0.035590857,0.7864178,0.9100928920259831,1.0
PVL,Cancer Epithelial,COL6A1,ITGA6,0.3917247,0.001,0.09802718,0.1218427780967041,0.2053419580754924,0.05833978,0.7629567,0.6270024528929633,1.0
PVL,Cancer Epithelial,COL6A1,SDC1,0.40227818,0.0,0.11126426,0.16092343871064105,0.3281760468908637,0.081424214,0.77421916,0.4321817291044258,1.0
PVL,Cancer Epithelial,COL6A2,CD44,0.40125567,0.062,0.12231549,0.05626823246400044,-0.014431241204817924,0.034381304,0.78238815,1.0,1.0
PVL,Cancer Epithelial,COL6A2,SDC1,0.38768494,0.004,0.10608614,0.14333715137573647,0.255299002406741,0.07865702,0.7700266,0.5104137943464272,1.0
PVL,Cancer Epithelial,FN1,ITGA6,0.5427814,1.0,0.1452499,-0.056302262082433545,-0.5343313545669869,0.02344296,0.7966625,1.0,1.0
PVL,Cancer Epithelial,HLA-A,APLP2,0.6662483,0.387,0.44352812,0.0706449180727616,-0.21354637309939473,0.026094077,0.87255234,0.9821454891457739,1.0
Myeloid,Cancer Epithelial,S100A8,CD69,0.3908372,0.045,0.111659735,0.09113862161852482,-0.2480000855066426,0.011665881,0.7745291,1.0,1.0
Myeloid,Cancer Epithelial,MDK,SDC4,0.30224752,1.0,0.08540603,-0.070778557256509,-0.7920454637452196,0.01220333,0.75026846,1.0,1.0
Endothelial,Cancer Epithelial,PKM,CD44,0.39509207,0.934,0.119793884,-0.05410840026577207,-0.502295448775014,0.013157037,0.7806096,1.0,1.0
B-cells,Cancer Epithelial,MDK,SDC4,0.4367373,0.915,0.14596064,0.01657277827282802,-0.44963149889835774,0.02085574,0.79705757,1.0,1.0
Endothelial,Cancer Epithelial,MDK,NCL,0.69889677,0.159,0.48297697,0.2751193429156864,-0.06831894210788292,0.037246365,0.8772153,0.7433145594681368,1.0
Endothelial,Cancer Epithelial,MDK,SDC1,0.47516835,1.0,0.13712786,-0.034016801799751556,-0.5381532516269114,0.02560355,0.791962,1.0,1.0
Endothelial,Cancer Epithelial,MIF,CD44_CD74,0.38475674,0.979,0.11556557,-0.07831753145518729,-0.5029231948703157,0.011299881,0.777517,1.0,1.0
PVL,Cancer Epithelial,PKM,CD44,0.3817572,0.964,0.11433842,-0.0650850338329816,-0.344448842521569,0.0125578595,0.7765923,1.0,1.0
PVL,Cancer Epithelial,THBS1,SDC4,0.30463582,0.0,0.08648137,0.2375901911943623,0.5628853847048361,0.07379133,0.7514388,0.21691686583149994,1.0
Endothelial,Cancer Epithelial,TIMP3,CD44,0.4059157,0.768,0.124221966,-0.028191454129280286,-0.6908589491799344,0.022161126,0.7837019,1.0,1.0
Endothelial,Cancer Epithelial,MDK,ITGA6_ITGB1,0.46461487,1.0,0.1208138,-0.0730974624136885,-0.6609873404422827,0.018344732,0.7813347,1.0,1.0
Endothelial,Cancer Epithelial,JAG1,CD46,0.29963994,0.0,0.08594451,0.29108254290353164,0.4000005757461325,0.12035721,0.7508568,0.21100801361710386,1.0
Endothelial,Cancer Epithelial,ICAM1,CAV1,0.38798386,0.111,0.11166073,0.13590369674088867,-0.03209916188630069,0.033469893,0.7745299,0.6535196314991263,1.0
Endothelial,Cancer Epithelial,HBEGF,CD82,0.36765578,0.0,0.114608705,0.6463578383781134,0.8983654673366436,0.22724478,0.7767971,0.02659660403178416,1.0
PVL,Cancer Epithelial,MDK,SDC4,0.4164288,1.0,0.13681665,0.0033824027930454414,-0.3360213252147063,0.019549191,0.7917748,1.0,1.0
Endothelial,Cancer Epithelial,FN1,ITGA6,0.4943492,1.0,0.13010922,-0.08464971969710605,-0.7801518776970447,0.020999294,0.7876007,1.0,1.0
Endothelial,Cancer Epithelial,COL4A1,SDC1,0.5261417,0.0,0.15521473,0.3122661324739533,0.6141872490595368,0.11552379,0.801984,0.10082247789559053,1.0
Endothelial,Cancer Epithelial,APP,TSPAN15,0.41681385,0.0,0.10221014,0.45167573336165173,0.7752713485628453,0.16768725,0.7667145,0.04862195114563587,1.0
Endothelial,Cancer Epithelial,TFPI,SDC4,0.42271203,0.0,0.1396457,0.29321349327546564,0.5731490020338257,0.08143683,0.7934569,0.12125865997785955,1.0
Endothelial,Cancer Epithelial,SPP1,CD44,0.46636382,0.008,0.14895205,0.09758947604999886,-0.4514818750812987,0.022561213,0.7986934,1.0,1.0
Cancer Epithelial,Myeloid,LUM,ITGB1,0.41854736,1.0,0.17017242,-0.4228799906987091,-2.681948968930957,0.003994476,0.8091879,1.0,1.0
Cancer Epithelial,Myeloid,LGALS9,PTPRC,0.5117945,0.0,0.14305705,0.4231025599814212,0.5060663060093498,0.04718095,0.79542756,0.2584049858410873,1.0
Cancer Epithelial,PVL,SCGB3A1,NOTCH3,0.41801062,0.0,0.14860941,0.7036030666676238,1.7312891572426237,0.46956286,0.7985082,0.017688151342452645,1.0
Cancer Epithelial,Plasmablasts,HLA-B,CD3D,0.38069782,1.0,0.10842375,-0.6110955600201379,-2.1529973037515133,0.0025598959,0.77195084,1.0,1.0
B-cells,Cancer Epithelial,MDK,SDC2,0.42861944,0.982,0.13543424,-0.18775715786847522,-1.05311171225706,0.011691386,0.7909364,1.0,1.0
B-cells,Cancer Epithelial,MDK,SDC1,0.41288114,0.946,0.115026504,-0.07447244264275135,-0.6420757341014576,0.02147694,0.77711236,1.0,1.0
Cancer Epithelial,Myeloid,PIP,CD4,0.3791291,0.0,0.13247184,0.8395155902478166,1.2006800994139595,0.45413107,0.789102,0.017688151342452645,1.0
Endothelial,Cancer Epithelial,SELE,CEACAM1,0.42948142,0.0,0.134155,0.7634122606490836,1.4790663998884241,0.57115585,0.7901507,0.017688151342452645,1.0
Endothelial,Cancer Epithelial,SELE,CD44,0.4291564,0.0,0.13373002,0.42570902422545215,0.9877891558346412,0.10735117,0.78988755,0.02459401584180522,1.0
B-cells,Cancer Epithelial,LGALS1,CD69,0.35177857,1.0,0.09696426,-0.36673587761229726,-1.8504532971337864,0.0037405242,0.76196945,1.0,1.0
Cancer Epithelial,PVL,PDAP1,PDGFRB,0.4112674,0.0,0.16421871,0.4079283224874414,0.8036714811956535,0.17576021,0.80642337,0.04363939987038794,1.0
Cancer Epithelial,PVL,COPA,CD74,0.4204711,1.0,0.16370654,-0.1980119380472255,-1.6796483886163927,0.009437333,0.8061794,1.0,1.0
Cancer Epithelial,PVL,COL4A2,ITGA1_ITGB1,0.356502,0.753,0.12563534,0.07707835452981125,-0.09156567922372438,0.058947846,0.78465927,1.0,1.0
Cancer Epithelial,PVL,COL1A2,CD36,0.3744167,1.0,0.09244672,-0.1806976035441275,-1.3150305107283113,0.007831524,0.7576158,1.0,1.0
B-cells,Cancer Epithelial,FN1,PLAUR,0.3049826,1.0,0.09090173,-0.4098713112066019,-2.3954398299216972,0.0029654223,0.756065,1.0,1.0
Cancer Epithelial,PVL,COL1A1,CD36,0.4125749,1.0,0.13769577,-0.1329125673300144,-1.1924887360873608,0.012616281,0.7923023,1.0,1.0
Cancer Epithelial,Myeloid,VIM,CD44,0.45167336,1.0,0.15422942,-0.040692719030145874,-0.8493188942414674,0.010990142,0.80147785,1.0,1.0
Cancer Epithelial,Myeloid,VEGFA,CD44,0.4457518,0.0,0.14623785,0.5230491534672377,0.9022176188270989,0.14073755,0.797211,0.025983451598836214,1.0
Cancer Epithelial,PVL,PTN,SDC2,0.42901105,0.0,0.13275746,0.305223573070344,0.8122970949661095,0.11823484,0.7892812,0.10194740400720109,1.0
Endothelial,Cancer Epithelial,FN1,SDC1,0.5049027,1.0,0.1476785,-0.045569059083169106,-0.6573177888816735,0.029308494,0.79800224,1.0,1.0
PVL,Cancer Epithelial,MDK,ITGA6_ITGB1,0.38201916,1.0,0.09499307,-0.12674347873647088,-0.6512996492331774,0.014424036,0.76010185,1.0,1.0
T-cells,Cancer Epithelial,LGALS1,CD69,0.4965474,1.0,0.15143228,-0.28601021895943735,-0.9995395598084724,0.0058417,0.8000178,1.0,1.0
T-cells,Cancer Epithelial,MIF,CD44_CD74,0.3985157,0.906,0.121194534,-0.06714486107082433,-0.19175729176886186,0.011850276,0.78160334,1.0,1.0
Cancer Epithelial,B-cells,LUM,ITGB1,0.38448113,1.0,0.13683349,-0.44860242629942704,-2.791229475178813,0.0032119076,0.79178494,1.0,1.0
Cancer Epithelial,Endothelial,COL1A1,CD93,0.4395876,0.999,0.1502424,0.1793282922347491,-0.9548321464897025,0.033038814,0.79938596,1.0,1.0
Cancer Epithelial,Myeloid,AGRN,ITGB1,0.30694723,0.999,0.09255013,0.07059957498633015,-0.43485954259138904,0.033519108,0.75771844,1.0,1.0
CAFs,Cancer Epithelial,TIMP2,CD44,0.3588042,0.001,0.10494805,0.21000894098744716,0.46502839014772196,0.057642654,0.76907027,0.2949320034015847,1.0
T-cells,Cancer Epithelial,ARF6,SMAP1,0.41652724,0.0,0.121207304,0.29245136980965125,0.7300779483012395,0.07427162,0.78161234,0.11870593541415009,1.0
CAFs,Cancer Epithelial,THBS1,SDC4,0.37808743,0.0,0.11955328,0.32181908038711826,0.7154994337656412,0.102010354,0.7804374,0.08553415525191842,1.0
CAFs,Cancer Epithelial,THBS2,ITGA6,0.50870854,0.0,0.13459818,0.44010948687245416,1.1757357710896736,0.15245873,0.790424,0.019259951624503318,1.0
CAFs,Cancer Epithelial,THBS2,SDC1,0.519262,0.0,0.15277362,0.4791901474863911,1.2985698599050448,0.21278504,0.80072224,0.017688151342452645,1.0
Plasmablasts,Cancer Epithelial,MDK,ITGA6_ITGB1,0.37291673,1.0,0.09214751,-0.13265552570880326,-1.188295934933268,0.013991957,0.757318,1.0,1.0
Cancer Epithelial,Myeloid,COL1A2,CD44,0.41535276,1.0,0.10521216,0.026649198985982336,-1.385246521089158,0.010201025,0.76929337,1.0,1.0
B-cells,Cancer Epithelial,CALM1,PTPRA,0.42165327,0.807,0.17531045,0.03162050645346054,-0.5067555067574288,0.025156297,0.8114738,1.0,1.0
Cancer Epithelial,Endothelial,TNC,PTPRB,0.3121231,0.0,0.08668028,0.44493620982249477,0.8437108232478836,0.27895883,0.75165325,0.03533999144173793,1.0
Plasmablasts,Cancer Epithelial,APOE,LSR,0.34034622,0.431,0.110656075,0.33059081446952593,-0.9133369588467696,0.034368016,0.77373976,1.0,1.0
Plasmablasts,Cancer Epithelial,HMGB1,SDC1,0.40993428,1.0,0.11398086,-0.15203345032879226,-0.91108187081856,0.01604686,0.7763205,1.0,1.0
CAFs,Cancer Epithelial,APOE,SDC2,0.41006398,0.574,0.12768209,-0.01765433410055641,-0.588386247251582,0.022722505,0.78602135,1.0,1.0
CAFs,Cancer Epithelial,COL4A2,CD44,0.36887747,0.96,0.10906915,-0.05587009467891387,-0.6212669555808796,0.017199116,0.7724728,1.0,1.0
Cancer Epithelial,Myeloid,LGALS9,CD44,0.42089802,0.0,0.11269586,0.31439951429155927,0.485559533027868,0.050052997,0.7753346,0.2219349780316625,1.0
Cancer Epithelial,Myeloid,LGALS1,ITGB1,0.3273477,1.0,0.10673946,-0.6031615205099008,-2.434173017247538,0.001721341,0.7705698,1.0,1.0
CAFs,Cancer Epithelial,COL11A1,DDR1,0.32376495,0.0,0.10239431,0.7450049405830357,1.2787834445434425,0.78455293,0.76687545,0.017688151342452645,1.0
Plasmablasts,Cancer Epithelial,VIM,CD44,0.33102694,1.0,0.09358402,-0.2998106437463261,-1.5638511532529524,0.006668648,0.75873667,1.0,1.0
Cancer Epithelial,Myeloid,LGALS3BP,ITGB1,0.3430462,1.0,0.117658384,-0.3204419882584528,-1.346581572709257,0.005563673,0.7790655,1.0,1.0
Plasmablasts,Cancer Epithelial,FN1,SDC2,0.3270123,1.0,0.09298452,-0.27218467215493486,-1.930820482546951,0.008531982,0.758148,1.0,1.0
Plasmablasts,Cancer Epithelial,CALM1,KCNN4,0.3311112,0.992,0.10958093,0.25100552858320874,-0.6031714075589443,0.02903776,0.77288395,1.0,1.0
Plasmablasts,Cancer Epithelial,FN1,PLAUR,0.352076,1.0,0.11529788,-0.3823075218201506,-2.385610307152847,0.0037612803,0.7773164,1.0,1.0
Plasmablasts,Cancer Epithelial,LGALS1,CD69,0.41395372,1.0,0.12035712,-0.33206594187942373,-1.9070033102955801,0.0046429345,0.781011,1.0,1.0
Plasmablasts,Cancer Epithelial,MDK,SDC1,0.38347024,1.0,0.104590625,-0.09357486509486632,-1.0654618461178968,0.019528428,0.7687672,1.0,1.0
Plasmablasts,Cancer Epithelial,MDK,SDC2,0.3992085,1.0,0.12314686,-0.20685958032059018,-1.4764978242734992,0.010630676,0.7829642,1.0,1.0
Plasmablasts,Cancer Epithelial,MDK,SDC4,0.40732637,0.999,0.13271824,-0.002529644179286944,-0.873017610914797,0.018963587,0.7892566,1.0,1.0
Plasmablasts,Cancer Epithelial,MIF,CD44_CD74,0.35146284,0.977,0.10194462,-0.10535310629282513,-0.8702098725446852,0.00996804,0.7664818,1.0,1.0
Cancer Epithelial,Myeloid,LGALS1,CD69,0.29267836,1.0,0.085457645,-0.36554815444916694,-1.6549671431409048,0.0032966412,0.750325,1.0,1.0
CAFs,Cancer Epithelial,ANGPTL4,SDC4,0.31236738,0.0,0.08996254,0.2330236413331598,0.40631920835060553,0.06587751,0.75510603,0.22910598848289845,1.0
Cancer Epithelial,Endothelial,COL1A2,CD36,0.55909604,0.999,0.15003683,0.003742043976299847,-1.3714952182182543,0.012710208,0.7992762,1.0,1.0
Cancer Epithelial,Endothelial,COL1A2,CD93,0.4014294,1.0,0.100870326,0.131543256020636,-1.0773739211306528,0.020508759,0.7655324,1.0,1.0
B-cells,Cancer Epithelial,CALM1,KCNN4,0.40495098,0.732,0.15956141,0.306104628573601,-0.23513994820229844,0.042282052,0.8041679,1.0,1.0
Cancer Epithelial,Endothelial,MFAP2,NOTCH1,0.35287598,0.226,0.12142749,0.17711324058712768,-0.10365091096773704,0.089220375,0.78176725,0.8273837243527576,1.0
Cancer Epithelial,Endothelial,LMAN1,MCFD2,0.31236678,0.015,0.09188372,0.10945701457978071,-0.028574257360469035,0.028358756,0.75705445,0.7883758800038739,1.0
Plasmablasts,Cancer Epithelial,FN1,CD44,0.32484472,1.0,0.091054805,-0.24596887584094707,-1.7895147480029077,0.006850798,0.7562201,1.0,1.0
Cancer Epithelial,Endothelial,SPARC,ENG,0.46544224,1.0,0.1535372,0.03729800657833976,-0.8305503149327137,0.018479764,0.80111974,1.0,1.0
Cancer Epithelial,Endothelial,SPP1,S1PR1,0.42601585,0.013,0.1813665,0.36128817999027557,-0.5236402839743504,0.09385986,0.8140578,1.0,1.0
Plasmablasts,Cancer Epithelial,CALM1,PTPRA,0.3478135,0.997,0.120396785,-0.02347859353693174,-0.8747869661140746,0.017276421,0.7810392,1.0,1.0
Cancer Epithelial,Myeloid,ADAM15,ITGB1,0.37580502,0.992,0.14044343,0.05567964471207734,-0.46782003952974105,0.023637263,0.7939233,1.0,1.0
PVL,Cancer Epithelial,ANGPTL4,SDC1,0.4130873,0.0,0.11509965,0.27628635045487693,0.85310030390942,0.11013723,0.77716744,0.13886915466705058,1.0
PVL,Cancer Epithelial,ANGPTL4,SDC2,0.42882562,0.0,0.13552038,0.1630016352291531,0.4420643257538176,0.059955325,0.790989,0.42554566450854653,1.0
PVL,Cancer Epithelial,ANGPTL4,SDC4,0.43694347,0.0,0.14605348,0.36733157137045636,1.0455445391125198,0.10695162,0.797109,0.050930993199413244,1.0
Cancer Epithelial,Myeloid,LGALS9,CD47,0.4007814,0.014,0.105976515,0.10362319984702109,0.06225481494668855,0.023158496,0.7699351,1.0,1.0
Cancer Epithelial,B-cells,LGALS1,ITGB1,0.29328147,1.0,0.08582785,-0.6288839561106188,-2.543453523495394,0.0013841086,0.75072974,1.0,1.0
Cancer Epithelial,B-cells,FAM3C,LAMP1,0.4370352,0.05,0.13653038,0.14673646959424128,-0.1334510105545506,0.023341017,0.7916021,1.0,1.0
Cancer Epithelial,B-cells,ADAM15,ITGB1,0.34173876,0.922,0.11292879,0.029957209111359406,-0.5771005457775973,0.019006426,0.77551436,1.0,1.0
CAFs,Cancer Epithelial,LMAN1,MCFD2,0.37408072,0.0,0.13980953,0.20384494958163218,0.31731257414864167,0.043150455,0.793553,0.32399291756149123,1.0
PVL,Cancer Epithelial,APOE,SDC2,0.46589237,0.163,0.15100624,0.022768002272331975,-0.4190881684482075,0.026873307,0.7997923,1.0,1.0
CAFs,Cancer Epithelial,MXRA5,CD69,0.338547,0.0,0.091985986,0.271208178431611,0.511377105746833,0.06339056,0.7571567,0.1476141898869341,1.0
Cancer Epithelial,CAFs,COL4A2,SDC1,0.33725828,0.805,0.11044475,0.08565318013394059,-0.17785897322426736,0.045939595,0.7735723,1.0,1.0
CAFs,Cancer Epithelial,FBN1,ITGB6,0.3150044,0.0,0.08641668,0.5680304650459518,1.0252940565972737,0.42774147,0.7513689,0.017688151342452645,1.0
Cancer Epithelial,CAFs,APP,LRP10,0.41482693,0.0,0.16337202,0.25789873946536923,0.4499737389534048,0.08768599,0.8060196,0.1797714354619226,1.0
CAFs,Cancer Epithelial,THBS1,SDC1,0.3542313,0.0,0.09421578,0.2307738594715389,0.5230551985625413,0.10504879,0.75935197,0.2375126791758164,1.0
Cancer Epithelial,CAFs,LGALS9,LRP1,0.36189517,0.0,0.09298777,0.26103345730794264,0.6614346579007893,0.08109708,0.7581512,0.16471190899151136,1.0
CAFs,Cancer Epithelial,MYL9,CD69,0.457354,0.208,0.13668612,0.021200125293628806,-0.48297770269785884,0.017591905,0.79169613,1.0,1.0
CAFs,Cancer Epithelial,PLAU,PLAUR,0.336895,0.769,0.10743354,0.04451073171757064,-0.19757058436373087,0.02966673,0.77114224,1.0,1.0
CAFs,Cancer Epithelial,PLAU,ST14,0.3344378,0.0,0.105395176,0.5654056827112365,0.9896244928216149,0.29073054,0.76944757,0.017688151342452645,1.0
Cancer Epithelial,B-cells,LGALS3BP,ITGB1,0.30897996,0.999,0.09460762,-0.34616442385917073,-1.455862078957113,0.0044736792,0.75973094,1.0,1.0
Cancer Epithelial,CAFs,AGRN,LRP1,0.41145268,0.0,0.1481731,0.5488856348367317,1.1630335205076394,0.3769159,0.7982716,0.017688151342452645,1.0
CAFs,Cancer Epithelial,COL4A2,SDC1,0.35530674,0.795,0.09459739,0.031198824232822164,-0.3515367119693206,0.039347872,0.7597211,1.0,1.0
Cancer Epithelial,CAFs,TFPI,LRP1,0.36807728,0.051,0.09987194,0.17504200835797395,0.19164274589617214,0.056655332,0.7646385,0.5503246790667568,1.0
CAFs,Cancer Epithelial,CXCL10,SDC4,0.3739463,0.007,0.11768872,0.19773921414354936,0.5348432452652966,0.041216157,0.77908766,0.3934132321026922,1.0
Cancer Epithelial,CAFs,LRPAP1,LRP1,0.40662873,0.0,0.14280131,0.2597843297999362,0.6742012355174833,0.07636291,0.795282,0.1696222386311644,1.0
