,celltype_minor,celltype_subset,Monocyte_score,Macrophage_score,dpt_pseudotime
CID4465_GCTGCAGGTACCGTTA,Macrophage,Myeloid_c10_Macrophage_1_EGR1,0.14588353697885603,0.025479674679892372,0.86732674
CID4465_AAACCTGTCGAGCCCA,Monocyte,Myeloid_c12_Monocyte_1_IL1B,0.25629963224099517,-0.38701202869415285,0.1951175
CID4465_AAACGGGGTGGTGTAG,Monocyte,Myeloid_c12_Monocyte_1_IL1B,0.6586077880005974,-0.5378000521659851,0.6096825
CID4465_ACCTTTAAGCCAGAAC,Monocyte,Myeloid_c12_Monocyte_1_IL1B,0.68342260466326,-0.6825486922264099,0.8030952
CID4465_ACTGCTCCATTCCTCG,Monocyte,Myeloid_c12_Monocyte_1_IL1B,0.5354196763945371,-0.6529993057250977,0.73354965
CID4465_AGAGCTTGTAAGGGCT,Monocyte,Myeloid_c12_Monocyte_1_IL1B,0.3887440587583537,-0.5923384666442871,0.66737497
CID4465_AGATTGCAGGCAGGTT,Monocyte,Myeloid_c12_Monocyte_1_IL1B,0.632260861812822,-0.4732489848136902,0.9667974
CID4465_AGCGTATGTCATCCCT,Monocyte,Myeloid_c12_Monocyte_1_IL1B,0.3069393293436208,-0.43659150941031316,0.7946628
CID4465_ATTTCTGGTTAAGATG,Monocyte,Myeloid_c12_Monocyte_1_IL1B,0.41684284252875076,-0.34566808938980104,0.8853955
CID4465_CAACCTCAGGCATGGT,Monocyte,Myeloid_c12_Monocyte_1_IL1B,0.6939529471216052,-0.3969769937651498,0.8366708
CID4465_CAGTAACAGAAGAAGC,Monocyte,Myeloid_c12_Monocyte_1_IL1B,0.40527920328264,-0.2715060329437256,0.7528583
CID4465_CCACTACTCCTTCAAT,Monocyte,Myeloid_c12_Monocyte_1_IL1B,0.587738198188594,-0.12179837056568693,0.808267
CID4465_CCCAGTTGTTGACGTT,Monocyte,Myeloid_c12_Monocyte_1_IL1B,0.0723010152244995,-0.6201608204841613,0.59536386
CID4465_CGATGTACATTCCTGC,Monocyte,Myeloid_c12_Monocyte_1_IL1B,0.711993447086155,0.5426266717910766,0.74946564
CID4465_CGCGGTAAGGCCCTTG,Monocyte,Myeloid_c12_Monocyte_1_IL1B,0.6651097192060227,0.6719052859715052,0.54775447
CID4465_CGCTATCCAAAGGCGT,Monocyte,Myeloid_c12_Monocyte_1_IL1B,0.48318220251625277,-0.09028170313153949,0.7844411
CID4465_CTTCTCTAGCGCTCCA,Monocyte,Myeloid_c12_Monocyte_1_IL1B,0.6479623453729104,-0.08767566272190641,0.13921623
CID4465_GAAGCAGCAATAGAGT,Monocyte,Myeloid_c12_Monocyte_1_IL1B,0.9101109184674769,-0.038149037701742994,0.4842366
CID4465_GATGAGGAGGTGCTAG,Monocyte,Myeloid_c12_Monocyte_1_IL1B,0.7256005170361307,0.1319831691469464,0.58982575
CID4465_GGCGTGTTCAGCAACT,Monocyte,Myeloid_c12_Monocyte_1_IL1B,-0.015067922455619165,-0.5600253129005432,0.60319716
CID4465_GTACGTAAGTTAAGTG,Monocyte,Myeloid_c12_Monocyte_1_IL1B,0.9353961632555763,0.5508028204100472,0.3897114
CID4465_TGATTTCCATATACCG,Monocyte,Myeloid_c12_Monocyte_1_IL1B,1.0307332535984797,0.391073968069894,0.7365463
CID4465_TGGCGCACATTGGGCC,Monocyte,Myeloid_c12_Monocyte_1_IL1B,0.08750078662129857,0.5179827233723232,0.63686246
CID4465_TTAGGACGTTGCGTTA,Monocyte,Myeloid_c12_Monocyte_1_IL1B,0.9735031666638333,-0.5222847509384155,0.0
CID4465_TTCTTAGCAAGAAAGG,Monocyte,Myeloid_c12_Monocyte_1_IL1B,0.7899476825790918,-0.023607494831085207,0.20794815
CID4465_TTGCCGTCAACACCCG,Monocyte,Myeloid_c12_Monocyte_1_IL1B,0.8211665681544567,-0.3924334420476641,0.81157696
CID4465_TTGGAACTCCCATTAT,Monocyte,Myeloid_c12_Monocyte_1_IL1B,-0.3482981976246674,-0.243082218170166,0.24843198
CID4465_ACTTTCACAGATTGCT,Monocyte,Myeloid_c12_Monocyte_1_IL1B,0.37938882147172426,-0.5247193026542664,0.65367764
CID4465_CGATTGATCGAGAACG,Monocyte,Myeloid_c12_Monocyte_1_IL1B,0.505008482026307,-0.4916673994064331,0.5055314
CID4465_GTCTTCGGTTTGTGTG,Monocyte,Myeloid_c12_Monocyte_1_IL1B,-0.34988102016833006,-0.6246791124343872,0.48063222
CID4465_CAGATCAGTAGAAGGA,Monocyte,Myeloid_c12_Monocyte_1_IL1B,0.6899697092555513,-0.4870717477798462,0.9315572
CID4465_CGTGTAACATGCAATC,Monocyte,Myeloid_c12_Monocyte_1_IL1B,-0.11426871014921458,0.5141368048531669,0.8350398
CID4465_CTGGTCTAGCTAGTTC,Monocyte,Myeloid_c12_Monocyte_1_IL1B,0.3480674711116475,1.7208251142501831,0.27874273
CID4465_GTATCTTAGAGTAATC,Monocyte,Myeloid_c12_Monocyte_1_IL1B,0.4250930881073544,-0.043653091362544416,0.60961974
CID4465_CTTACCGTCAGCGACC,Macrophage,Myeloid_c2_LAM2_APOE,1.477707250006247,1.3421174379757472,0.3659902
CID4465_AACTCTTCACGAAATA,Macrophage,Myeloid_c1_LAM1_FABP5,-0.7163745796920469,0.48269243921552374,0.7084177
CID4465_CCCAGTTGTATATGAG,Macrophage,Myeloid_c1_LAM1_FABP5,1.0296394784978573,-0.3651004341670445,0.7430199
CID4465_CCTATTAAGTGACTCT,Macrophage,Myeloid_c1_LAM1_FABP5,1.1052240682661667,-0.35489927053451537,0.599177
CID4465_CGCGTTTTCAACACGT,Macrophage,Myeloid_c1_LAM1_FABP5,0.7611793559669648,-0.058864779472351025,0.7412456
CID4465_GCTCCTACAGCTATTG,Macrophage,Myeloid_c1_LAM1_FABP5,1.0541671002471207,0.06755009038107729,0.758611
CID4465_TGTGTTTCAATGCCAT,Macrophage,Myeloid_c1_LAM1_FABP5,0.1529624448793313,0.06169557980128704,0.6974913
CID4465_TTGGAACAGTCATGCT,Macrophage,Myeloid_c1_LAM1_FABP5,-0.40064590089273133,0.16159653970173432,0.8834685
CID4465_TTGGCAATCTTTCCTC,Macrophage,Myeloid_c1_LAM1_FABP5,-0.06835650037599095,0.19015373979296002,0.31690985
CID4465_TGACGGCGTTTACTCT,Macrophage,Myeloid_c1_LAM1_FABP5,-0.09150200268832892,0.6873179176875525,0.6842912
CID4465_AAAGATGGTACCGTTA,Macrophage,Myeloid_c1_LAM1_FABP5,0.5849575316345932,1.4642195211138045,0.7194162
CID4465_AACCATGTCCGCTGTT,Macrophage,Myeloid_c1_LAM1_FABP5,0.06045821982475463,1.7477764718873159,1.0
CID4465_AACTCAGCACCAGGTC,Macrophage,Myeloid_c1_LAM1_FABP5,0.8393746411773717,0.29276040996823993,0.6066456
CID4465_AAGACCTGTTCAGACT,Macrophage,Myeloid_c1_LAM1_FABP5,0.6396465261510554,1.129816642488752,0.41784087
CID4465_AAGGCAGCAAACGTGG,Macrophage,Myeloid_c1_LAM1_FABP5,0.8051744867491242,1.0849477989333016,0.8507429
CID4465_ACATACGCACAGATTC,Macrophage,Myeloid_c1_LAM1_FABP5,1.3775945176480866,1.1988429686001367,0.90417534
CID4465_ACATCAGAGAAGATTC,Macrophage,Myeloid_c1_LAM1_FABP5,0.22116497859058765,0.021678859165736586,0.6562154
CID4465_ACGATACAGGTAGCTG,Macrophage,Myeloid_c1_LAM1_FABP5,1.4539548194648435,1.1349214792251587,0.95343155
CID4465_AGCAGCCTCCTATGTT,Macrophage,Myeloid_c1_LAM1_FABP5,0.9139209044326337,1.5474366331100464,0.7168967
CID4465_AGCGTCGTCTTTAGTC,Macrophage,Myeloid_c1_LAM1_FABP5,0.6961781917269063,1.7825578992707387,0.7518883
CID4465_AGCTCTCCACGCCAGT,Macrophage,Myeloid_c1_LAM1_FABP5,0.3514686804223114,1.9472765350341796,0.9018303
CID4465_AGCTTGACAACAACCT,Macrophage,Myeloid_c1_LAM1_FABP5,1.2811273248403665,1.8293544067655292,0.66343665
CID4465_AGGCCACTCACCATAG,Macrophage,Myeloid_c1_LAM1_FABP5,-0.1966304467028419,0.8401023891993933,0.9305059
CID4465_AGGGATGAGGCAAAGA,Macrophage,Myeloid_c1_LAM1_FABP5,0.5989858544112852,-0.003934866700853634,0.93507624
CID4465_AGGGTGAAGAGGTAGA,Macrophage,Myeloid_c1_LAM1_FABP5,0.09271424142039597,-0.2514884264128549,0.887285
CID4465_AGGTCATAGTGTACTC,Macrophage,Myeloid_c1_LAM1_FABP5,-0.05014782090581771,1.4150140871320451,0.831122
CID4465_AGGTCCGGTAAGGATT,Macrophage,Myeloid_c1_LAM1_FABP5,0.8611805852360908,1.845644040107727,0.811576
CID4465_ATCATGGGTGATGTGG,Macrophage,Myeloid_c1_LAM1_FABP5,0.3195221722792726,0.8171689251491002,0.7677222
CID4465_ATTACTCAGTCCGGTC,Macrophage,Myeloid_c1_LAM1_FABP5,0.46666979736396386,1.116667080095836,0.8313675
CID4465_ATTCTACGTAGGGTAC,Macrophage,Myeloid_c1_LAM1_FABP5,1.2511797727354421,1.4067866151673454,0.78360355
CID4465_CAAGATCTCTTAGAGC,Macrophage,Myeloid_c1_LAM1_FABP5,0.6174812900940044,0.25933744703020367,0.7467551
CID4465_CACACAAGTGTTGGGA,Macrophage,Myeloid_c1_LAM1_FABP5,-0.4410746689610833,0.04588835307529998,0.5865209
CID4465_CAGCTAAAGCAGCGTA,Macrophage,Myeloid_c1_LAM1_FABP5,1.4051347514926986,0.6324365510259355,0.5565643
CID4465_CAGCTGGCAGTATCTG,Macrophage,Myeloid_c1_LAM1_FABP5,0.0705635520969195,0.8539494701794215,0.5931564
CID4465_CATCAAGCAAGACGTG,Macrophage,Myeloid_c1_LAM1_FABP5,0.5929674336840909,1.2064274988855637,0.24791135
CID4465_CATCGAAAGGTGCTAG,Macrophage,Myeloid_c1_LAM1_FABP5,-0.14309157967834124,0.9980532036508833,0.6697685
CID4465_CATGGCGCAGGGCATA,Macrophage,Myeloid_c1_LAM1_FABP5,-0.28956781937771997,0.27027542250497,0.66708446
CID4465_CCATTCGTCATTGCGA,Macrophage,Myeloid_c1_LAM1_FABP5,-0.0222931548253002,1.050465998308999,0.7123148
CID4465_CCGTTCATCGATGAGG,Macrophage,Myeloid_c1_LAM1_FABP5,0.7312523017260318,0.830172324521201,0.82787514
CID4465_CCTCAGTAGAACTCGG,Macrophage,Myeloid_c1_LAM1_FABP5,0.5394881665039917,0.44292221443993696,0.8233774
CID4465_CCTTCCCAGACCTAGG,Macrophage,Myeloid_c1_LAM1_FABP5,0.00880399193006337,0.6501176578657968,0.6597901
CID4465_CGATTGACAGCTATTG,Macrophage,Myeloid_c1_LAM1_FABP5,-0.3975680690483759,0.674100182056427,0.86632067
CID4465_CGATTGATCCTGTAGA,Macrophage,Myeloid_c1_LAM1_FABP5,0.6072944705384956,1.5754636119093215,0.7099264
CID4465_CGCCAAGAGCCTTGAT,Macrophage,Myeloid_c1_LAM1_FABP5,-0.009046497761003136,1.2827446712766375,0.7651271
CID4465_CGCGGTATCATGTCTT,Macrophage,Myeloid_c1_LAM1_FABP5,-0.05332195492132136,-0.050438854694366486,0.8074315
CID4465_CGCTATCCATCAGTAC,Macrophage,Myeloid_c1_LAM1_FABP5,-0.40220483997524187,-0.11984404529844017,0.79897255
CID4465_CGGACACGTGCCTGGT,Macrophage,Myeloid_c1_LAM1_FABP5,0.46407819220950397,1.8008096970830643,0.8345714
CID4465_CGTCTACCAATAGCGG,Macrophage,Myeloid_c1_LAM1_FABP5,0.03853834235428166,1.7606181028911045,0.7660097
CID4465_CGTCTACGTAAGTTCC,Macrophage,Myeloid_c1_LAM1_FABP5,0.3576286335119465,-0.4919372391700745,0.74385947
CID4465_CGTTGGGCAAGACACG,Macrophage,Myeloid_c1_LAM1_FABP5,-0.009106061869286308,1.0609603561673846,0.7921479
CID4465_CTCGTCAAGACATAAC,Macrophage,Myeloid_c1_LAM1_FABP5,0.23234621390400312,1.161044656889779,0.7549024
CID4465_CTCTACGCACGGTAAG,Macrophage,Myeloid_c1_LAM1_FABP5,0.804056609770329,1.5785429504939485,0.7170868
CID4465_CTGATCCTCAGCTTAG,Macrophage,Myeloid_c1_LAM1_FABP5,1.4892716362439011,1.0542430833407812,0.20347245
CID4465_CTGGTCTAGGATGGAA,Macrophage,Myeloid_c1_LAM1_FABP5,0.36737748920517477,0.8160438769204277,0.8479534
CID4465_CTTGGCTAGAAACCAT,Macrophage,Myeloid_c1_LAM1_FABP5,0.32462261987212515,0.7303414828436715,0.8677621
CID4465_CTTGGCTGTAACGCGA,Macrophage,Myeloid_c1_LAM1_FABP5,-0.42988257440144584,0.8906370997428894,0.9428281
CID4465_GACGCGTCAAGGGTCA,Macrophage,Myeloid_c1_LAM1_FABP5,0.6264018740429974,2.0096359177998133,0.83459663
CID4465_GACGTTAAGCCACTAT,Macrophage,Myeloid_c1_LAM1_FABP5,0.5536609005341327,0.5163058839525496,0.8034663
CID4465_GACTAACCACATCCGG,Macrophage,Myeloid_c1_LAM1_FABP5,0.11967892748130782,0.5747156449726649,0.42473662
CID4465_GAGGTGATCATAAAGG,Macrophage,Myeloid_c1_LAM1_FABP5,0.39363813880305965,1.951980810506003,0.7023773
CID4465_GATCAGTCACGCATCG,Macrophage,Myeloid_c1_LAM1_FABP5,-0.48623477212534655,0.7676229327065605,0.6845868
CID4465_GATCGATAGGAATCGC,Macrophage,Myeloid_c1_LAM1_FABP5,0.3945049060804465,1.6829895169394358,0.6714644
CID4465_GCATGCGTCTAACGGT,Macrophage,Myeloid_c1_LAM1_FABP5,0.6286769079948697,1.660491433824812,0.7874273
CID4465_GCGCGATAGAGGTTAT,Macrophage,Myeloid_c1_LAM1_FABP5,-0.7523408192116142,1.4179417373452867,0.81592625
CID4465_GCTGCAGCAAACCTAC,Macrophage,Myeloid_c1_LAM1_FABP5,-0.1777485377036485,1.5402087923458647,0.8766334
CID4465_GGAACTTAGAAGATTC,Macrophage,Myeloid_c1_LAM1_FABP5,-0.42960268805757734,0.6857386428969247,0.8627649
CID4465_GGAATAATCGTTTAGG,Macrophage,Myeloid_c1_LAM1_FABP5,0.8461433841078073,1.4303630120413644,0.71784395
CID4465_GGAGCAAAGAATGTGT,Macrophage,Myeloid_c1_LAM1_FABP5,0.04072169756195965,1.7457518308503284,0.78431207
CID4465_GGATGTTAGATACACA,Macrophage,Myeloid_c1_LAM1_FABP5,0.9494828065769785,0.047218009233474745,0.8153957
CID4465_GGCGACTGTGCACTTA,Macrophage,Myeloid_c1_LAM1_FABP5,0.12800109306437857,0.8109968948364258,0.971023
CID4465_GGCGTGTTCAGAGACG,Macrophage,Myeloid_c1_LAM1_FABP5,0.5374987658771626,1.1566856963293892,0.68225676
CID4465_GGTGCGTGTATATCCG,Macrophage,Myeloid_c1_LAM1_FABP5,0.17962097588268178,1.0147520330974036,0.71679825
CID4465_GTACTCCGTAAGGATT,Macrophage,Myeloid_c1_LAM1_FABP5,-0.3927828161508445,0.559327757699149,0.68316823
CID4465_GTATCTTAGCTACCTA,Macrophage,Myeloid_c1_LAM1_FABP5,0.8683150793348648,1.4830185716492787,0.47180468
CID4465_GTGGGTCAGAGAACAG,Macrophage,Myeloid_c1_LAM1_FABP5,1.4344525411891724,1.4558656764030458,0.63046014
CID4465_GTGGGTCAGCCTCGTG,Macrophage,Myeloid_c1_LAM1_FABP5,0.5477292369676117,0.8437146292413985,0.74117947
CID4465_TACTCGCGTACCGTTA,Macrophage,Myeloid_c1_LAM1_FABP5,-0.2678010805074534,0.01135729040418354,0.7010224
CID4465_TACTCGCTCTCCAGGG,Macrophage,Myeloid_c1_LAM1_FABP5,1.1079396977520628,1.9910566827229093,0.69489324
CID4465_TAGTTGGAGGGAACGG,Macrophage,Myeloid_c1_LAM1_FABP5,0.4852138387010134,1.3480369261332923,0.8606997
CID4465_TAGTTGGGTTTGCATG,Macrophage,Myeloid_c1_LAM1_FABP5,0.7727760463219627,2.018991232940129,0.79362893
CID4465_TATGCCCAGGTCATCT,Macrophage,Myeloid_c1_LAM1_FABP5,-0.15680618920848943,1.5802347895077298,0.48150998
CID4465_TATTACCAGGCCCTCA,Macrophage,Myeloid_c1_LAM1_FABP5,0.08963006401488716,0.4500428012439184,0.7623456
CID4465_TCACAAGCACGGCTAC,Macrophage,Myeloid_c1_LAM1_FABP5,-0.5585043766354555,1.0244508068902152,0.8370068
CID4465_TCAGCAAGTCCGTGAC,Macrophage,Myeloid_c1_LAM1_FABP5,0.08153315278507717,0.3731500516619001,0.76170295
CID4465_TCAGCTCAGAGACTTA,Macrophage,Myeloid_c1_LAM1_FABP5,-0.1286483608369593,2.019727944646563,0.6520868
CID4465_TCGTAGACATGGTCAT,Macrophage,Myeloid_c1_LAM1_FABP5,0.6663214616327477,1.4157414504459926,0.7238063
CID4465_TCTATTGCACATGACT,Macrophage,Myeloid_c1_LAM1_FABP5,0.29810212015838977,0.689363284111023,0.7210957
CID4465_TCTCTAAAGACTAGAT,Macrophage,Myeloid_c1_LAM1_FABP5,-0.39587895555517555,1.2369650231088911,0.7591837
CID4465_TCTGAGAAGAAACGCC,Macrophage,Myeloid_c1_LAM1_FABP5,0.6481593108550548,1.6720443085261754,0.806272
CID4465_TGACAACTCCCAAGTA,Macrophage,Myeloid_c1_LAM1_FABP5,-0.3732189460088743,0.12553099564143588,0.75768024
CID4465_TGCCAAAGTTCAGGCC,Macrophage,Myeloid_c1_LAM1_FABP5,1.1166822878306344,1.0396887840543474,0.6942716
CID4465_TGCCCATCATATACGC,Macrophage,Myeloid_c1_LAM1_FABP5,-0.018315043225384353,1.7860271086011612,0.7793714
CID4465_TGGCGCACATTCTCAT,Macrophage,Myeloid_c1_LAM1_FABP5,0.22320194879100896,1.10319043806621,0.8950007
CID4465_TGGTTCCGTTGTCTTT,Macrophage,Myeloid_c1_LAM1_FABP5,1.0072391742561222,1.1731207779475623,0.7449054
CID4465_TGTGGTATCTCGCTTG,Macrophage,Myeloid_c1_LAM1_FABP5,0.589200352929049,0.7672498805182321,0.764557
CID4465_TTAACTCGTCCGAAGA,Macrophage,Myeloid_c1_LAM1_FABP5,1.2445785121896389,1.1393096573012216,0.68633497
CID4465_TTCGGTCGTGTCGCTG,Macrophage,Myeloid_c1_LAM1_FABP5,0.1914880219721954,0.6952422342981611,0.75106114
CID4465_TTGCCGTTCTGTGCAA,Macrophage,Myeloid_c1_LAM1_FABP5,0.26692336144329987,0.1289724210330418,0.55419284
CID4465_CTGCGGATCAATAAGG,Macrophage,Myeloid_c1_LAM1_FABP5,0.17344673234611008,1.7257192366463796,0.8502427
CID4465_GACGCGTAGGAATTAC,Macrophage,Myeloid_c1_LAM1_FABP5,-0.27279532675775103,2.297480080127716,0.671805
CID4465_GGGCACTGTGCAGGTA,Macrophage,Myeloid_c1_LAM1_FABP5,0.13401790593294494,1.848356200626918,0.82259846
CID4465_TCTCATAGTGGGTATG,Macrophage,Myeloid_c1_LAM1_FABP5,0.7371097424419668,2.117751342909677,0.6648093
CID4465_TGTATTCAGAGTCTGG,Macrophage,Myeloid_c1_LAM1_FABP5,0.6973198777610558,2.248274607658386,0.9169828
CID4465_ATCGAGTTCGAATGGG,Monocyte,Myeloid_c8_Monocyte_2_S100A9,-0.37456349238453296,0.02567262581416535,0.12765326
CID4465_CCTAAAGTCCGCTGTT,Monocyte,Myeloid_c8_Monocyte_2_S100A9,0.13984984599503897,-0.0999930834770203,0.18746641
CID4465_CCTTCCCGTCAACATC,Monocyte,Myeloid_c8_Monocyte_2_S100A9,1.7215207276461642,-0.47782000541687014,0.2643045
CID4465_CAGAATCAGATATGGT,Macrophage,Myeloid_c9_Macrophage_2_CXCL10,1.00311997406168,0.04583289112363542,0.84232146
CID4465_CAAGAAAGTGGTGTAG,Macrophage,Myeloid_c9_Macrophage_2_CXCL10,1.0702621779452501,1.2088563190187727,0.74528414
CID4465_TATTACCCACAACGCC,Macrophage,Myeloid_c9_Macrophage_2_CXCL10,-0.5372306996543935,-0.34246307849884033,0.75970745
CID4465_TCTCTAAAGCGCTCCA,Macrophage,Myeloid_c9_Macrophage_2_CXCL10,0.36048350958216113,2.0567484957831246,0.8053787
CID4465_GGGCATCGTAGGAGTC,Macrophage,Myeloid_c9_Macrophage_2_CXCL10,0.7326036971687471,0.6390671593802315,0.7744383
